Country Name,Country Code,Series Name,Series Code,2016 [YR2016],2017 [YR2017],2018 [YR2018],2019 [YR2019],2020 [YR2020]
Afghanistan,AFG,CO2 emissions (kt),EN.ATM.CO2E.KT,7390,7380,7440,..,..
Afghanistan,AFG,GDP per capita (current US$),NY.GDP.PCAP.CD,512.012778129357,516.679862210543,485.668418729808,494.179349886029,516.747870807558
Afghanistan,AFG,Fossil fuel energy consumption (% of total),EG.USE.COMM.FO.ZS,..,..,..,..,..
Afghanistan,AFG,Renewable energy consumption (% of total final energy consumption),EG.FEC.RNEW.ZS,24.7402992248535,25.082799911499,21.422700881958,..,..
Albania,ALB,CO2 emissions (kt),EN.ATM.CO2E.KT,4930,5600,5560,..,..
Albania,ALB,GDP per capita (current US$),NY.GDP.PCAP.CD,4124.05538986272,4531.0193737689,5287.66369446913,5395.65953185375,5246.29230634793
Albania,ALB,Fossil fuel energy consumption (% of total),EG.USE.COMM.FO.ZS,..,..,..,..,..
Albania,ALB,Renewable energy consumption (% of total final energy consumption),EG.FEC.RNEW.ZS,39.5872993469238,37.219799041748,38.2663993835449,..,..
Algeria,DZA,CO2 emissions (kt),EN.ATM.CO2E.KT,143350,145100,151670,..,..
Algeria,DZA,GDP per capita (current US$),NY.GDP.PCAP.CD,3946.45244712537,4109.69821695727,4142.01855842917,3989.66827645236,3306.85820838104
Algeria,DZA,Fossil fuel energy consumption (% of total),EG.USE.COMM.FO.ZS,..,..,..,..,..
Algeria,DZA,Renewable energy consumption (% of total final energy consumption),EG.FEC.RNEW.ZS,0.0802000015974045,0.14360000193119,0.193299993872643,..,..
American Samoa,ASM,CO2 emissions (kt),EN.ATM.CO2E.KT,..,..,..,..,..
American Samoa,ASM,GDP per capita (current US$),NY.GDP.PCAP.CD,12038.2496994923,11003.8297642807,11521.6097798453,11715.3601388487,12844.9009909959
American Samoa,ASM,Fossil fuel energy consumption (% of total),EG.USE.COMM.FO.ZS,..,..,..,..,..
American Samoa,ASM,Renewable energy consumption (% of total final energy consumption),EG.FEC.RNEW.ZS,1.72140002250671,2.89809989929199,2.85660004615784,..,..
Andorra,AND,CO2 emissions (kt),EN.ATM.CO2E.KT,470,470,460,..,..
Andorra,AND,GDP per capita (current US$),NY.GDP.PCAP.CD,37475.6350587526,38964.904478265,41791.9698372411,40897.3308728669,..
Andorra,AND,Fossil fuel energy consumption (% of total),EG.USE.COMM.FO.ZS,..,..,..,..,..
Andorra,AND,Renewable energy consumption (% of total final energy consumption),EG.FEC.RNEW.ZS,19.2558002471924,19.0631999969482,18.5060005187988,..,..
Angola,AGO,CO2 emissions (kt),EN.ATM.CO2E.KT,35410,30840,27340,..,..
Angola,AGO,GDP per capita (current US$),NY.GDP.PCAP.CD,3506.07312818832,4095.8100568707,3289.64399476678,2809.62608839129,1776.16686789531
Angola,AGO,Fossil fuel energy consumption (% of total),EG.USE.COMM.FO.ZS,..,..,..,..,..
Angola,AGO,Renewable energy consumption (% of total final energy consumption),EG.FEC.RNEW.ZS,49.0080986022949,56.1805000305176,56.7854995727539,..,..
Antigua and Barbuda,ATG,CO2 emissions (kt),EN.ATM.CO2E.KT,500,500,530,..,..
Antigua and Barbuda,ATG,GDP per capita (current US$),NY.GDP.PCAP.CD,15198.7429664112,15383.5763979856,16679.5916624545,17376.6496765004,13992.7444804497
Antigua and Barbuda,ATG,Fossil fuel energy consumption (% of total),EG.USE.COMM.FO.ZS,..,..,..,..,..
Antigua and Barbuda,ATG,Renewable energy consumption (% of total final energy consumption),EG.FEC.RNEW.ZS,0.598399996757507,0.602199971675873,0.904900014400482,..,..
Argentina,ARG,CO2 emissions (kt),EN.ATM.CO2E.KT,184280,180120,177410,..,..
Argentina,ARG,GDP per capita (current US$),NY.GDP.PCAP.CD,12790.2424732447,14613.041824658,11795.1593866287,10056.637940265,8579.01777315683
Argentina,ARG,Fossil fuel energy consumption (% of total),EG.USE.COMM.FO.ZS,..,..,..,..,..
Argentina,ARG,Renewable energy consumption (% of total final energy consumption),EG.FEC.RNEW.ZS,9.37689971923828,10.3684997558594,10.5207996368408,..,..
Armenia,ARM,CO2 emissions (kt),EN.ATM.CO2E.KT,5070,5320,5550,..,..
Armenia,ARM,GDP per capita (current US$),NY.GDP.PCAP.CD,3591.82805221639,3914.52785436696,4220.54032079145,4604.64632355695,4266.01807420946
Armenia,ARM,Fossil fuel energy consumption (% of total),EG.USE.COMM.FO.ZS,..,..,..,..,..
Armenia,ARM,Renewable energy consumption (% of total final energy consumption),EG.FEC.RNEW.ZS,13.15149974823,12.5626001358032,11.1330003738403,..,..
Aruba,ABW,CO2 emissions (kt),EN.ATM.CO2E.KT,..,..,..,..,..
Aruba,ABW,GDP per capita (current US$),NY.GDP.PCAP.CD,28452.1706146796,29350.8050189137,30253.2793580195,..,..
Aruba,ABW,Fossil fuel energy consumption (% of total),EG.USE.COMM.FO.ZS,..,..,..,..,..
Aruba,ABW,Renewable energy consumption (% of total final energy consumption),EG.FEC.RNEW.ZS,6.99459981918335,6.69929981231689,8.0241003036499,..,..
Australia,AUS,CO2 emissions (kt),EN.ATM.CO2E.KT,383960,387200,386620,..,..
Australia,AUS,GDP per capita (current US$),NY.GDP.PCAP.CD,49881.7637140466,53934.2501750463,57180.7794001614,54875.2859563351,51692.8427477695
Australia,AUS,Fossil fuel energy consumption (% of total),EG.USE.COMM.FO.ZS,..,..,..,..,..
Australia,AUS,Renewable energy consumption (% of total final energy consumption),EG.FEC.RNEW.ZS,9.4197998046875,9.68610000610352,9.64500045776367,..,..
Austria,AUT,CO2 emissions (kt),EN.ATM.CO2E.KT,63390,65830,63180,..,..
Austria,AUT,GDP per capita (current US$),NY.GDP.PCAP.CD,45276.8314351693,47312.0062332199,51461.4332150082,50114.4011099728,48586.8013213238
Austria,AUT,Fossil fuel energy consumption (% of total),EG.USE.COMM.FO.ZS,..,..,..,..,..
Austria,AUT,Renewable energy consumption (% of total final energy consumption),EG.FEC.RNEW.ZS,34.6142997741699,33.959098815918,33.8456001281738,..,..
Azerbaijan,AZE,CO2 emissions (kt),EN.ATM.CO2E.KT,32660,31970,32020,..,..
Azerbaijan,AZE,GDP per capita (current US$),NY.GDP.PCAP.CD,3880.73873089556,4147.08971569171,4739.84171028393,4805.75371765917,4221.40747847848
Azerbaijan,AZE,Fossil fuel energy consumption (% of total),EG.USE.COMM.FO.ZS,..,..,..,..,..
Azerbaijan,AZE,Renewable energy consumption (% of total final energy consumption),EG.FEC.RNEW.ZS,1.9268000125885,1.90880000591278,1.97130000591278,..,..
"Bahamas, The",BHS,CO2 emissions (kt),EN.ATM.CO2E.KT,2190,2150,2260,..,..
"Bahamas, The",BHS,GDP per capita (current US$),NY.GDP.PCAP.CD,31732.9191396131,32376.5091722572,33290.028135413,33799.4176940891,25194.0251444381
"Bahamas, The",BHS,Fossil fuel energy consumption (% of total),EG.USE.COMM.FO.ZS,..,..,..,..,..
"Bahamas, The",BHS,Renewable energy consumption (% of total final energy consumption),EG.FEC.RNEW.ZS,1.53460001945496,1.44379997253418,1.01929998397827,..,..
Bahrain,BHR,CO2 emissions (kt),EN.ATM.CO2E.KT,30200,30380,30750,..,..
Bahrain,BHR,GDP per capita (current US$),NY.GDP.PCAP.CD,22608.4525623673,23742.9373424159,24085.955988096,23551.9300857404,20409.9528047731
Bahrain,BHR,Fossil fuel energy consumption (% of total),EG.USE.COMM.FO.ZS,..,..,..,..,..
Bahrain,BHR,Renewable energy consumption (% of total final energy consumption),EG.FEC.RNEW.ZS,0,0,0,..,..
Bangladesh,BGD,CO2 emissions (kt),EN.ATM.CO2E.KT,73740,78710,82760,..,..
Bangladesh,BGD,GDP per capita (current US$),NY.GDP.PCAP.CD,1401.56463513179,1563.76781861826,1698.13208078712,1855.74009422319,1961.6137487886
Bangladesh,BGD,Fossil fuel energy consumption (% of total),EG.USE.COMM.FO.ZS,..,..,..,..,..
Bangladesh,BGD,Renewable energy consumption (% of total final energy consumption),EG.FEC.RNEW.ZS,33.5362014770508,31.6032009124756,30.7061996459961,..,..
Barbados,BRB,CO2 emissions (kt),EN.ATM.CO2E.KT,1310,1200,1250,..,..
Barbados,BRB,GDP per capita (current US$),NY.GDP.PCAP.CD,16900.0482858522,17391.6689084614,17745.2553725928,18148.4978451054,15373.8547035017
Barbados,BRB,Fossil fuel energy consumption (% of total),EG.USE.COMM.FO.ZS,..,..,..,..,..
Barbados,BRB,Renewable energy consumption (% of total final energy consumption),EG.FEC.RNEW.ZS,3.50169992446899,5.16109991073608,5.83559989929199,..,..
Belarus,BLR,CO2 emissions (kt),EN.ATM.CO2E.KT,55210,56240,59310,..,..
Belarus,BLR,GDP per capita (current US$),NY.GDP.PCAP.CD,5039.68188628499,5785.67067254068,6360.06247301284,6837.71782606351,6424.15217642722
Belarus,BLR,Fossil fuel energy consumption (% of total),EG.USE.COMM.FO.ZS,..,..,..,..,..
Belarus,BLR,Renewable energy consumption (% of total final energy consumption),EG.FEC.RNEW.ZS,6.73449993133545,7.28859996795654,7.21979999542236,..,..
Belgium,BEL,CO2 emissions (kt),EN.ATM.CO2E.KT,94320,92770,93470,..,..
Belgium,BEL,GDP per capita (current US$),NY.GDP.PCAP.CD,41984.1030335609,44089.3100875118,47519.5530968943,46591.4916067396,45159.3482229717
Belgium,BEL,Fossil fuel energy consumption (% of total),EG.USE.COMM.FO.ZS,..,..,..,..,..
Belgium,BEL,Renewable energy consumption (% of total final energy consumption),EG.FEC.RNEW.ZS,9.20689964294434,9.63799953460693,10.6626996994019,..,..
Belize,BLZ,CO2 emissions (kt),EN.ATM.CO2E.KT,650,650,680,..,..
Belize,BLZ,GDP per capita (current US$),NY.GDP.PCAP.CD,4856.97324853112,4945.85769867226,5001.42215663433,5078.80994441772,4115.17700795622
Belize,BLZ,Fossil fuel energy consumption (% of total),EG.USE.COMM.FO.ZS,..,..,..,..,..
Belize,BLZ,Renewable energy consumption (% of total final energy consumption),EG.FEC.RNEW.ZS,35.4099998474121,41.2033996582031,40.1162986755371,..,..
Benin,BEN,CO2 emissions (kt),EN.ATM.CO2E.KT,7230,7360,7910,..,..
Benin,BEN,GDP per capita (current US$),NY.GDP.PCAP.CD,1087.28733148547,1136.59387178448,1241.82529800958,1219.51550596905,1291.04097215441
Benin,BEN,Fossil fuel energy consumption (% of total),EG.USE.COMM.FO.ZS,..,..,..,..,..
Benin,BEN,Renewable energy consumption (% of total final energy consumption),EG.FEC.RNEW.ZS,45.4240989685059,45.3801002502441,43.9723014831543,..,..
Bermuda,BMU,CO2 emissions (kt),EN.ATM.CO2E.KT,..,..,..,..,..
Bermuda,BMU,GDP per capita (current US$),NY.GDP.PCAP.CD,106885.878489327,111820.581466347,113023.185594268,117098.446325474,107079.479836627
Bermuda,BMU,Fossil fuel energy consumption (% of total),EG.USE.COMM.FO.ZS,..,..,..,..,..
Bermuda,BMU,Renewable energy consumption (% of total final energy consumption),EG.FEC.RNEW.ZS,0.462900012731552,0.48199999332428,0.380299985408783,..,..
Bhutan,BTN,CO2 emissions (kt),EN.ATM.CO2E.KT,1230,1330,1380,..,..
Bhutan,BTN,GDP per capita (current US$),NY.GDP.PCAP.CD,2930.5749227006,3286.59674376682,3243.47743748718,3322.86332871934,3000.77932702976
Bhutan,BTN,Fossil fuel energy consumption (% of total),EG.USE.COMM.FO.ZS,..,..,..,..,..
Bhutan,BTN,Renewable energy consumption (% of total final energy consumption),EG.FEC.RNEW.ZS,84.9516983032227,83.5551986694336,81.0935974121094,..,..
Bolivia,BOL,CO2 emissions (kt),EN.ATM.CO2E.KT,21610,22250,22710,..,..
Bolivia,BOL,GDP per capita (current US$),NY.GDP.PCAP.CD,3076.65643989367,3351.12434384125,3548.59078021377,3552.06814321502,3133.09980321504
Bolivia,BOL,Fossil fuel energy consumption (% of total),EG.USE.COMM.FO.ZS,..,..,..,..,..
Bolivia,BOL,Renewable energy consumption (% of total final energy consumption),EG.FEC.RNEW.ZS,8.14159965515137,7.46080017089844,7.57250022888184,..,..
Bosnia and Herzegovina,BIH,CO2 emissions (kt),EN.ATM.CO2E.KT,22340,22650,22540,..,..
Bosnia and Herzegovina,BIH,GDP per capita (current US$),NY.GDP.PCAP.CD,4994.97155093444,5394.26894391382,6070.34908129292,6119.76234462222,6079.73828544838
Bosnia and Herzegovina,BIH,Fossil fuel energy consumption (% of total),EG.USE.COMM.FO.ZS,..,..,..,..,..
Bosnia and Herzegovina,BIH,Renewable energy consumption (% of total final energy consumption),EG.FEC.RNEW.ZS,23.0282001495361,18.5198993682861,35.4009017944336,..,..
Botswana,BWA,CO2 emissions (kt),EN.ATM.CO2E.KT,7120,7870,8210,..,..
Botswana,BWA,GDP per capita (current US$),NY.GDP.PCAP.CD,6982.91749241303,7296.09214157008,7503.8785883646,7203.06422122998,6404.89993159074
Botswana,BWA,Fossil fuel energy consumption (% of total),EG.USE.COMM.FO.ZS,..,..,..,..,..
Botswana,BWA,Renewable energy consumption (% of total final energy consumption),EG.FEC.RNEW.ZS,28.113000869751,28.3668003082275,28.1989002227783,..,..
Brazil,BRA,CO2 emissions (kt),EN.ATM.CO2E.KT,441910,449840,427710,..,..
Brazil,BRA,GDP per capita (current US$),NY.GDP.PCAP.CD,8710.06328995352,9928.67589653405,9151.38173161536,8897.55296585529,6796.84454227877
Brazil,BRA,Fossil fuel energy consumption (% of total),EG.USE.COMM.FO.ZS,..,..,..,..,..
Brazil,BRA,Renewable energy consumption (% of total final energy consumption),EG.FEC.RNEW.ZS,45.5766983032227,45.4364013671875,47.0616989135742,..,..
British Virgin Islands,VGB,CO2 emissions (kt),EN.ATM.CO2E.KT,..,..,..,..,..
British Virgin Islands,VGB,GDP per capita (current US$),NY.GDP.PCAP.CD,..,..,..,..,..
British Virgin Islands,VGB,Fossil fuel energy consumption (% of total),EG.USE.COMM.FO.ZS,..,..,..,..,..
British Virgin Islands,VGB,Renewable energy consumption (% of total final energy consumption),EG.FEC.RNEW.ZS,1.01429998874664,1.26839995384216,1.36010003089905,..,..
Brunei Darussalam,BRN,CO2 emissions (kt),EN.ATM.CO2E.KT,6410,6710,7140,..,..
Brunei Darussalam,BRN,GDP per capita (current US$),NY.GDP.PCAP.CD,27158.4056535724,28571.608291419,31628.4762566009,31085.9619255901,27442.95382794
Brunei Darussalam,BRN,Fossil fuel energy consumption (% of total),EG.USE.COMM.FO.ZS,..,..,..,..,..
Brunei Darussalam,BRN,Renewable energy consumption (% of total final energy consumption),EG.FEC.RNEW.ZS,0.00740000000223517,0.0109000001102686,0.0109000001102686,..,..
Bulgaria,BGR,CO2 emissions (kt),EN.ATM.CO2E.KT,41740,44040,41130,..,..
Bulgaria,BGR,GDP per capita (current US$),NY.GDP.PCAP.CD,7569.47881476759,8366.29322145748,9446.70077185518,9879.26853313318,10079.2033812203
Bulgaria,BGR,Fossil fuel energy consumption (% of total),EG.USE.COMM.FO.ZS,..,..,..,..,..
Bulgaria,BGR,Renewable energy consumption (% of total final energy consumption),EG.FEC.RNEW.ZS,17.6730003356934,17.0799999237061,19.5275001525879,..,..
Burkina Faso,BFA,CO2 emissions (kt),EN.ATM.CO2E.KT,3500,4070,4270,..,..
Burkina Faso,BFA,GDP per capita (current US$),NY.GDP.PCAP.CD,688.250696258197,734.996267960528,804.500537821516,796.115206827676,857.932729650223
Burkina Faso,BFA,Fossil fuel energy consumption (% of total),EG.USE.COMM.FO.ZS,..,..,..,..,..
Burkina Faso,BFA,Renewable energy consumption (% of total final energy consumption),EG.FEC.RNEW.ZS,72.2665023803711,69.0807037353516,66.9662017822266,..,..
Burundi,BDI,CO2 emissions (kt),EN.ATM.CO2E.KT,460,570,590,..,..
Burundi,BDI,GDP per capita (current US$),NY.GDP.PCAP.CD,260.56522079627,253.826354063895,238.783467020173,228.213589244227,238.990725856496
Burundi,BDI,Fossil fuel energy consumption (% of total),EG.USE.COMM.FO.ZS,..,..,..,..,..
Burundi,BDI,Renewable energy consumption (% of total final energy consumption),EG.FEC.RNEW.ZS,89.5419998168945,88.1415023803711,85.5269012451172,..,..
Cabo Verde,CPV,CO2 emissions (kt),EN.ATM.CO2E.KT,550,590,620,..,..
Cabo Verde,CPV,GDP per capita (current US$),NY.GDP.PCAP.CD,3130.99875340636,3289.90220261281,3616.46453749713,3603.77524058462,3064.27238842819
Cabo Verde,CPV,Fossil fuel energy consumption (% of total),EG.USE.COMM.FO.ZS,..,..,..,..,..
Cabo Verde,CPV,Renewable energy consumption (% of total final energy consumption),EG.FEC.RNEW.ZS,24.6245994567871,22.8763999938965,22.99880027771,..,..
Cambodia,KHM,CO2 emissions (kt),EN.ATM.CO2E.KT,9900,11370,11160,..,..
Cambodia,KHM,GDP per capita (current US$),NY.GDP.PCAP.CD,1269.59149895246,1385.26006616114,1512.12698889384,1643.12138876539,1543.66925757282
Cambodia,KHM,Fossil fuel energy consumption (% of total),EG.USE.COMM.FO.ZS,..,..,..,..,..
Cambodia,KHM,Renewable energy consumption (% of total final energy consumption),EG.FEC.RNEW.ZS,62.6859016418457,61.4690017700195,61.8376998901367,..,..
Cameroon,CMR,CO2 emissions (kt),EN.ATM.CO2E.KT,8550,8320,8620,..,..
Cameroon,CMR,GDP per capita (current US$),NY.GDP.PCAP.CD,1413.2559568153,1469.44749980724,1585.24053445546,1533.09568807789,1537.13021832773
Cameroon,CMR,Fossil fuel energy consumption (% of total),EG.USE.COMM.FO.ZS,..,..,..,..,..
Cameroon,CMR,Renewable energy consumption (% of total final energy consumption),EG.FEC.RNEW.ZS,78.9021987915039,80.3404006958008,80.6303024291992,..,..
Canada,CAN,CO2 emissions (kt),EN.ATM.CO2E.KT,550480,562260,574400,..,..
Canada,CAN,GDP per capita (current US$),NY.GDP.PCAP.CD,42315.6037056806,45129.3564395662,46548.5203600809,46338.3409560127,43294.6481631917
Canada,CAN,Fossil fuel energy consumption (% of total),EG.USE.COMM.FO.ZS,..,..,..,..,..
Canada,CAN,Renewable energy consumption (% of total final energy consumption),EG.FEC.RNEW.ZS,22.3330001831055,22.7698993682861,22.1828994750977,..,..
Cayman Islands,CYM,CO2 emissions (kt),EN.ATM.CO2E.KT,..,..,..,..,..
Cayman Islands,CYM,GDP per capita (current US$),NY.GDP.PCAP.CD,78471.6287315261,81513.1630224977,86059.7392168454,91392.6425875166,85082.5268555478
Cayman Islands,CYM,Fossil fuel energy consumption (% of total),EG.USE.COMM.FO.ZS,..,..,..,..,..
Cayman Islands,CYM,Renewable energy consumption (% of total final energy consumption),EG.FEC.RNEW.ZS,0.00970000028610229,0.00930000003427267,0.00870000012218952,..,..
Central African Republic,CAF,CO2 emissions (kt),EN.ATM.CO2E.KT,310,310,330,..,..
Central African Republic,CAF,GDP per capita (current US$),NY.GDP.PCAP.CD,402.191645130502,450.900657858547,475.953813864813,467.908032277798,492.79587119399
Central African Republic,CAF,Fossil fuel energy consumption (% of total),EG.USE.COMM.FO.ZS,..,..,..,..,..
Central African Republic,CAF,Renewable energy consumption (% of total final energy consumption),EG.FEC.RNEW.ZS,82.5598983764648,81.3794021606445,80.9485015869141,..,..
Chad,TCD,CO2 emissions (kt),EN.ATM.CO2E.KT,1020,1020,1070,..,..
Chad,TCD,GDP per capita (current US$),NY.GDP.PCAP.CD,693.449767448537,665.948884859102,726.151007088549,709.54004317463,659.270044977801
Chad,TCD,Fossil fuel energy consumption (% of total),EG.USE.COMM.FO.ZS,..,..,..,..,..
Chad,TCD,Renewable energy consumption (% of total final energy consumption),EG.FEC.RNEW.ZS,85.2776031494141,85.3724975585938,85.2577972412109,..,..
Channel Islands,CHI,CO2 emissions (kt),EN.ATM.CO2E.KT,..,..,..,..,..
Channel Islands,CHI,GDP per capita (current US$),NY.GDP.PCAP.CD,..,..,..,..,..
Channel Islands,CHI,Fossil fuel energy consumption (% of total),EG.USE.COMM.FO.ZS,..,..,..,..,..
Channel Islands,CHI,Renewable energy consumption (% of total final energy consumption),EG.FEC.RNEW.ZS,..,..,..,..,..
Chile,CHL,CO2 emissions (kt),EN.ATM.CO2E.KT,86160,87040,86620,..,..
Chile,CHL,GDP per capita (current US$),NY.GDP.PCAP.CD,13753.5921485096,14998.8170563218,15888.144355397,14741.7144039936,13231.7042069381
Chile,CHL,Fossil fuel energy consumption (% of total),EG.USE.COMM.FO.ZS,..,..,..,..,..
Chile,CHL,Renewable energy consumption (% of total final energy consumption),EG.FEC.RNEW.ZS,24.5543994903564,24.107400894165,25.4606990814209,..,..
China,CHN,CO2 emissions (kt),EN.ATM.CO2E.KT,9814310,10017770,10313460,..,..
China,CHN,GDP per capita (current US$),NY.GDP.PCAP.CD,8094.36336675194,8816.98690451989,9905.34200389253,10143.8381719921,10434.7751874839
China,CHN,Fossil fuel energy consumption (% of total),EG.USE.COMM.FO.ZS,..,..,..,..,..
China,CHN,Renewable energy consumption (% of total final energy consumption),EG.FEC.RNEW.ZS,12.5896997451782,12.8635997772217,13.12380027771,..,..
Colombia,COL,CO2 emissions (kt),EN.ATM.CO2E.KT,83760,76060,79490,..,..
Colombia,COL,GDP per capita (current US$),NY.GDP.PCAP.CD,5870.77795724165,6376.70671552601,6729.58333198168,6424.9794924083,5334.55604233917
Colombia,COL,Fossil fuel energy consumption (% of total),EG.USE.COMM.FO.ZS,..,..,..,..,..
Colombia,COL,Renewable energy consumption (% of total final energy consumption),EG.FEC.RNEW.ZS,30.7357997894287,32.5289993286133,30.7182006835938,..,..
Comoros,COM,CO2 emissions (kt),EN.ATM.CO2E.KT,200,250,260,..,..
Comoros,COM,GDP per capita (current US$),NY.GDP.PCAP.CD,1273.05095200255,1323.81484301294,1428.29046324322,1401.54231196814,1420.66174747221
Comoros,COM,Fossil fuel energy consumption (% of total),EG.USE.COMM.FO.ZS,..,..,..,..,..
Comoros,COM,Renewable energy consumption (% of total final energy consumption),EG.FEC.RNEW.ZS,60.4995994567871,56.4244003295898,55.0059013366699,..,..
"Congo, Dem. Rep.",COD,CO2 emissions (kt),EN.ATM.CO2E.KT,2060,2280,2200,..,..
"Congo, Dem. Rep.",COD,GDP per capita (current US$),NY.GDP.PCAP.CD,471.318822463486,467.07423172679,560.807358238634,580.716870645391,543.950392515803
"Congo, Dem. Rep.",COD,Fossil fuel energy consumption (% of total),EG.USE.COMM.FO.ZS,..,..,..,..,..
"Congo, Dem. Rep.",COD,Renewable energy consumption (% of total final energy consumption),EG.FEC.RNEW.ZS,97.0310974121094,96.6997985839844,96.3836975097656,..,..
"Congo, Rep.",COG,CO2 emissions (kt),EN.ATM.CO2E.KT,3350,3220,3220,..,..
"Congo, Rep.",COG,GDP per capita (current US$),NY.GDP.PCAP.CD,2050.99341477232,2169.99150353963,2606.6153307839,2369.72949429109,1846.13129708695
"Congo, Rep.",COG,Fossil fuel energy consumption (% of total),EG.USE.COMM.FO.ZS,..,..,..,..,..
"Congo, Rep.",COG,Renewable energy consumption (% of total final energy consumption),EG.FEC.RNEW.ZS,67.6127014160156,69.3343963623047,69.8545989990234,..,..
Costa Rica,CRI,CO2 emissions (kt),EN.ATM.CO2E.KT,8080,8180,8260,..,..
Costa Rica,CRI,GDP per capita (current US$),NY.GDP.PCAP.CD,12011.2227544354,12225.5744931403,12485.423896168,12693.8279560372,12140.8541545754
Costa Rica,CRI,Fossil fuel energy consumption (% of total),EG.USE.COMM.FO.ZS,..,..,..,..,..
Costa Rica,CRI,Renewable energy consumption (% of total final energy consumption),EG.FEC.RNEW.ZS,36.8058013916016,36.2042007446289,35.7047996520996,..,..
Cote d'Ivoire,CIV,CO2 emissions (kt),EN.ATM.CO2E.KT,9320,10380,9910,..,..
Cote d'Ivoire,CIV,GDP per capita (current US$),NY.GDP.PCAP.CD,2013.38144761651,2111.02655726645,2314.05095836881,2276.3323939018,2325.72370502247
Cote d'Ivoire,CIV,Fossil fuel energy consumption (% of total),EG.USE.COMM.FO.ZS,..,..,..,..,..
Cote d'Ivoire,CIV,Renewable energy consumption (% of total final energy consumption),EG.FEC.RNEW.ZS,64.2783966064453,62.6884994506836,63.532600402832,..,..
Croatia,HRV,CO2 emissions (kt),EN.ATM.CO2E.KT,16940,17480,16580,..,..
Croatia,HRV,GDP per capita (current US$),NY.GDP.PCAP.CD,12527.7398569824,13629.289592247,15227.5600968096,15311.766903695,14134.1626811193
Croatia,HRV,Fossil fuel energy consumption (% of total),EG.USE.COMM.FO.ZS,..,..,..,..,..
Croatia,HRV,Renewable energy consumption (% of total final energy consumption),EG.FEC.RNEW.ZS,31.8474006652832,29.8036003112793,32.8473014831543,..,..
Cuba,CUB,CO2 emissions (kt),EN.ATM.CO2E.KT,28450,25650,24970,..,..
Cuba,CUB,GDP per capita (current US$),NY.GDP.PCAP.CD,8060.79659761513,8541.21368643707,8824.19400843842,9125.8786794952,9477.85287326771
Cuba,CUB,Fossil fuel energy consumption (% of total),EG.USE.COMM.FO.ZS,..,..,..,..,..
Cuba,CUB,Renewable energy consumption (% of total final energy consumption),EG.FEC.RNEW.ZS,14.0478000640869,18.9501991271973,20.8512992858887,..,..
Curacao,CUW,CO2 emissions (kt),EN.ATM.CO2E.KT,..,..,..,..,..
Curacao,CUW,GDP per capita (current US$),NY.GDP.PCAP.CD,19555.3658492891,19457.5315232205,19630.8934873019,19701.270377457,16745.7243140176
Curacao,CUW,Fossil fuel energy consumption (% of total),EG.USE.COMM.FO.ZS,..,..,..,..,..
Curacao,CUW,Renewable energy consumption (% of total final energy consumption),EG.FEC.RNEW.ZS,1.73570001125336,2.22469997406006,3.01510000228882,..,..
Cyprus,CYP,CO2 emissions (kt),EN.ATM.CO2E.KT,7150,7300,7230,..,..
Cyprus,CYP,GDP per capita (current US$),NY.GDP.PCAP.CD,24605.9208328767,26608.8750916456,29334.1109348657,29206.0767190775,27527.8453055825
Cyprus,CYP,Fossil fuel energy consumption (% of total),EG.USE.COMM.FO.ZS,..,..,..,..,..
Cyprus,CYP,Renewable energy consumption (% of total final energy consumption),EG.FEC.RNEW.ZS,10.4071998596191,11.0761995315552,12.1436004638672,..,..
Czech Republic,CZE,CO2 emissions (kt),EN.ATM.CO2E.KT,102860,103420,102480,..,..
Czech Republic,CZE,GDP per capita (current US$),NY.GDP.PCAP.CD,18575.2320271915,20636.199952435,23419.7356136502,23660.1488068317,22931.2745975622
Czech Republic,CZE,Fossil fuel energy consumption (% of total),EG.USE.COMM.FO.ZS,..,..,..,..,..
Czech Republic,CZE,Renewable energy consumption (% of total final energy consumption),EG.FEC.RNEW.ZS,14.7812995910645,14.4653997421265,14.7252998352051,..,..
Denmark,DNK,CO2 emissions (kt),EN.ATM.CO2E.KT,35380,33330,33380,..,..
Denmark,DNK,GDP per capita (current US$),NY.GDP.PCAP.CD,54663.9983719195,57610.0981801135,61591.9288698958,59775.7350964515,61063.3164304238
Denmark,DNK,Fossil fuel energy consumption (% of total),EG.USE.COMM.FO.ZS,..,..,..,..,..
Denmark,DNK,Renewable energy consumption (% of total final energy consumption),EG.FEC.RNEW.ZS,32.1296005249023,35.5056991577148,35.3287010192871,..,..
Djibouti,DJI,CO2 emissions (kt),EN.ATM.CO2E.KT,490,470,490,..,..
Djibouti,DJI,GDP per capita (current US$),NY.GDP.PCAP.CD,2802.16620395446,2914.35819688602,3141.86171059002,3414.9161775746,3425.48417585803
Djibouti,DJI,Fossil fuel energy consumption (% of total),EG.USE.COMM.FO.ZS,..,..,..,..,..
Djibouti,DJI,Renewable energy consumption (% of total final energy consumption),EG.FEC.RNEW.ZS,24.9108009338379,24.1291007995605,27.8358001708984,..,..
Dominica,DMA,CO2 emissions (kt),EN.ATM.CO2E.KT,180,170,180,..,..
Dominica,DMA,GDP per capita (current US$),NY.GDP.PCAP.CD,8080.96862341186,7274.517730717,7687.46296348005,8516.28003895161,7003.85902147233
Dominica,DMA,Fossil fuel energy consumption (% of total),EG.USE.COMM.FO.ZS,..,..,..,..,..
Dominica,DMA,Renewable energy consumption (% of total final energy consumption),EG.FEC.RNEW.ZS,10.7102003097534,9.65670013427734,8.16709995269775,..,..
Dominican Republic,DOM,CO2 emissions (kt),EN.ATM.CO2E.KT,24460,23390,25120,..,..
Dominican Republic,DOM,GDP per capita (current US$),NY.GDP.PCAP.CD,7280.88361041225,7609.35327534023,8050.64407623416,8282.11713050921,7268.1969096591
Dominican Republic,DOM,Fossil fuel energy consumption (% of total),EG.USE.COMM.FO.ZS,..,..,..,..,..
Dominican Republic,DOM,Renewable energy consumption (% of total final energy consumption),EG.FEC.RNEW.ZS,15.4193000793457,16.9815006256104,16.0881996154785,..,..
Ecuador,ECU,CO2 emissions (kt),EN.ATM.CO2E.KT,39010,37760,39530,..,..
Ecuador,ECU,GDP per capita (current US$),NY.GDP.PCAP.CD,6060.09296156791,6213.50312736888,6295.93466163992,6222.52465327248,5600.38961495341
Ecuador,ECU,Fossil fuel energy consumption (% of total),EG.USE.COMM.FO.ZS,..,..,..,..,..
Ecuador,ECU,Renewable energy consumption (% of total final energy consumption),EG.FEC.RNEW.ZS,14.7540998458862,17.0513000488281,16.3302001953125,..,..
"Egypt, Arab Rep.",EGY,CO2 emissions (kt),EN.ATM.CO2E.KT,233960,238690,246260,..,..
"Egypt, Arab Rep.",EGY,GDP per capita (current US$),NY.GDP.PCAP.CD,3519.8732398108,2444.29038718448,2537.12518504712,3019.09228346646,3569.20684121108
"Egypt, Arab Rep.",EGY,Fossil fuel energy consumption (% of total),EG.USE.COMM.FO.ZS,..,..,..,..,..
"Egypt, Arab Rep.",EGY,Renewable energy consumption (% of total final energy consumption),EG.FEC.RNEW.ZS,4.91690015792847,4.85400009155273,4.74440002441406,..,..
El Salvador,SLV,CO2 emissions (kt),EN.ATM.CO2E.KT,7170,6380,6810,..,..
El Salvador,SLV,GDP per capita (current US$),NY.GDP.PCAP.CD,3805.99568574434,3910.25440332717,4052.62477533742,4167.73093878563,3798.63652082321
El Salvador,SLV,Fossil fuel energy consumption (% of total),EG.USE.COMM.FO.ZS,..,..,..,..,..
El Salvador,SLV,Renewable energy consumption (% of total final energy consumption),EG.FEC.RNEW.ZS,20.710599899292,24.9873008728027,23.2124996185303,..,..
Equatorial Guinea,GNQ,CO2 emissions (kt),EN.ATM.CO2E.KT,5600,5630,6670,..,..
Equatorial Guinea,GNQ,GDP per capita (current US$),NY.GDP.PCAP.CD,9250.31649333951,9667.8578009346,10005.6167917268,8419.9333361253,7143.23870497146
Equatorial Guinea,GNQ,Fossil fuel energy consumption (% of total),EG.USE.COMM.FO.ZS,..,..,..,..,..
Equatorial Guinea,GNQ,Renewable energy consumption (% of total final energy consumption),EG.FEC.RNEW.ZS,3.93210005760193,3.52480006217957,4.90469980239868,..,..
Eritrea,ERI,CO2 emissions (kt),EN.ATM.CO2E.KT,660,720,800,..,..
Eritrea,ERI,GDP per capita (current US$),NY.GDP.PCAP.CD,..,..,..,..,..
Eritrea,ERI,Fossil fuel energy consumption (% of total),EG.USE.COMM.FO.ZS,..,..,..,..,..
Eritrea,ERI,Renewable energy consumption (% of total final energy consumption),EG.FEC.RNEW.ZS,76.8397979736328,74.5086975097656,73.1865997314453,..,..
Estonia,EST,CO2 emissions (kt),EN.ATM.CO2E.KT,15650,16280,16000,..,..
Estonia,EST,GDP per capita (current US$),NY.GDP.PCAP.CD,18282.9233927131,20387.2831474612,23052.3012559586,23397.1200148694,23027.0269956294
Estonia,EST,Fossil fuel energy consumption (% of total),EG.USE.COMM.FO.ZS,..,..,..,..,..
Estonia,EST,Renewable energy consumption (% of total final energy consumption),EG.FEC.RNEW.ZS,26.9139003753662,27.0333995819092,28.8421993255615,..,..
Eswatini,SWZ,CO2 emissions (kt),EN.ATM.CO2E.KT,1230,1040,1090,..,..
Eswatini,SWZ,GDP per capita (current US$),NY.GDP.PCAP.CD,3425.53195692846,3914.41848379603,4105.89368278939,3915.64346723669,3424.2822122311
Eswatini,SWZ,Fossil fuel energy consumption (% of total),EG.USE.COMM.FO.ZS,..,..,..,..,..
Eswatini,SWZ,Renewable energy consumption (% of total final energy consumption),EG.FEC.RNEW.ZS,62.3595008850098,65.5389022827148,66.0652008056641,..,..
Ethiopia,ETH,CO2 emissions (kt),EN.ATM.CO2E.KT,14950,15460,16280,..,..
Ethiopia,ETH,GDP per capita (current US$),NY.GDP.PCAP.CD,717.124869806118,768.523015429372,771.524866349431,855.760885186903,936.340461064749
Ethiopia,ETH,Fossil fuel energy consumption (% of total),EG.USE.COMM.FO.ZS,..,..,..,..,..
Ethiopia,ETH,Renewable energy consumption (% of total final energy consumption),EG.FEC.RNEW.ZS,90.488899230957,90.2696990966797,89.9231033325195,..,..
Faroe Islands,FRO,CO2 emissions (kt),EN.ATM.CO2E.KT,..,..,..,..,..
Faroe Islands,FRO,GDP per capita (current US$),NY.GDP.PCAP.CD,56854.102653706,59993.0906266559,62918.1461936121,64225.2649049837,..
Faroe Islands,FRO,Fossil fuel energy consumption (% of total),EG.USE.COMM.FO.ZS,..,..,..,..,..
Faroe Islands,FRO,Renewable energy consumption (% of total final energy consumption),EG.FEC.RNEW.ZS,6.32289981842041,5.96929979324341,5.85860013961792,..,..
Fiji,FJI,CO2 emissions (kt),EN.ATM.CO2E.KT,1740,1810,1900,..,..
Fiji,FJI,GDP per capita (current US$),NY.GDP.PCAP.CD,5651.27272132772,6101.02388950081,6317.41372015123,6175.89065331713,5057.63191261761
Fiji,FJI,Fossil fuel energy consumption (% of total),EG.USE.COMM.FO.ZS,..,..,..,..,..
Fiji,FJI,Renewable energy consumption (% of total final energy consumption),EG.FEC.RNEW.ZS,27.6681995391846,28.8892993927002,27.8712997436523,..,..
Finland,FIN,CO2 emissions (kt),EN.ATM.CO2E.KT,45710,43010,44360,..,..
Finland,FIN,GDP per capita (current US$),NY.GDP.PCAP.CD,43784.2839622098,46297.4963459994,49964.4999098426,48628.641762105,48744.9881267787
Finland,FIN,Fossil fuel energy consumption (% of total),EG.USE.COMM.FO.ZS,..,..,..,..,..
Finland,FIN,Renewable energy consumption (% of total final energy consumption),EG.FEC.RNEW.ZS,42.3969993591309,44.4765014648438,44.2167015075684,..,..
France,FRA,CO2 emissions (kt),EN.ATM.CO2E.KT,312710,316360,309960,..,..
France,FRA,GDP per capita (current US$),NY.GDP.PCAP.CD,37037.3741861219,38685.2584944953,41572.4850099629,40578.6442850534,39030.3603713482
France,FRA,Fossil fuel energy consumption (% of total),EG.USE.COMM.FO.ZS,..,..,..,..,..
France,FRA,Renewable energy consumption (% of total final energy consumption),EG.FEC.RNEW.ZS,14.4117002487183,14.1386003494263,15.2525997161865,..,..
French Polynesia,PYF,CO2 emissions (kt),EN.ATM.CO2E.KT,..,..,..,..,..
French Polynesia,PYF,GDP per capita (current US$),NY.GDP.PCAP.CD,..,..,..,..,..
French Polynesia,PYF,Fossil fuel energy consumption (% of total),EG.USE.COMM.FO.ZS,..,..,..,..,..
French Polynesia,PYF,Renewable energy consumption (% of total final energy consumption),EG.FEC.RNEW.ZS,8.31970024108887,8.28299999237061,7.55579996109009,..,..
Gabon,GAB,CO2 emissions (kt),EN.ATM.CO2E.KT,5710,4700,4610,..,..
Gabon,GAB,GDP per capita (current US$),NY.GDP.PCAP.CD,6984.41971208387,7230.43491161979,7959.00726736376,7766.99655422948,6881.71519231831
Gabon,GAB,Fossil fuel energy consumption (% of total),EG.USE.COMM.FO.ZS,..,..,..,..,..
Gabon,GAB,Renewable energy consumption (% of total final energy consumption),EG.FEC.RNEW.ZS,81.0056991577148,90.1154022216797,89.8871002197266,..,..
"Gambia, The",GMB,CO2 emissions (kt),EN.ATM.CO2E.KT,530,540,570,..,..
"Gambia, The",GMB,GDP per capita (current US$),NY.GDP.PCAP.CD,690.780493152792,679.75507172296,732.720727318856,772.045914215139,773.002070135524
"Gambia, The",GMB,Fossil fuel energy consumption (% of total),EG.USE.COMM.FO.ZS,..,..,..,..,..
"Gambia, The",GMB,Renewable energy consumption (% of total final energy consumption),EG.FEC.RNEW.ZS,52.7280006408691,52.2061996459961,52.3835983276367,..,..
Georgia,GEO,CO2 emissions (kt),EN.ATM.CO2E.KT,9650,9630,9460,..,..
Georgia,GEO,GDP per capita (current US$),NY.GDP.PCAP.CD,4062.16988757379,4357.00093554628,4722.78778321766,4697.98365238984,4266.69079450924
Georgia,GEO,Fossil fuel energy consumption (% of total),EG.USE.COMM.FO.ZS,..,..,..,..,..
Georgia,GEO,Renewable energy consumption (% of total final energy consumption),EG.FEC.RNEW.ZS,27.645299911499,28.0333003997803,27.9435997009277,..,..
Germany,DEU,CO2 emissions (kt),EN.ATM.CO2E.KT,747150,732200,709540,..,..
Germany,DEU,GDP per capita (current US$),NY.GDP.PCAP.CD,42107.5172703074,44542.2952040833,47950.1808142041,46794.8992915603,46208.4294717472
Germany,DEU,Fossil fuel energy consumption (% of total),EG.USE.COMM.FO.ZS,..,..,..,..,..
Germany,DEU,Renewable energy consumption (% of total final energy consumption),EG.FEC.RNEW.ZS,14.2413997650146,15.2159004211426,15.795599937439,..,..
Ghana,GHA,CO2 emissions (kt),EN.ATM.CO2E.KT,14110,14780,16110,..,..
Ghana,GHA,GDP per capita (current US$),NY.GDP.PCAP.CD,1971.95693464599,2074.29073272269,2260.86056729337,2246.62557816432,2205.5290158584
Ghana,GHA,Fossil fuel energy consumption (% of total),EG.USE.COMM.FO.ZS,..,..,..,..,..
Ghana,GHA,Renewable energy consumption (% of total final energy consumption),EG.FEC.RNEW.ZS,46.4782981872559,44.8622016906738,41.9766006469727,..,..
Gibraltar,GIB,CO2 emissions (kt),EN.ATM.CO2E.KT,..,..,..,..,..
Gibraltar,GIB,GDP per capita (current US$),NY.GDP.PCAP.CD,..,..,..,..,..
Gibraltar,GIB,Fossil fuel energy consumption (% of total),EG.USE.COMM.FO.ZS,..,..,..,..,..
Gibraltar,GIB,Renewable energy consumption (% of total final energy consumption),EG.FEC.RNEW.ZS,0,0,0,..,..
Greece,GRC,CO2 emissions (kt),EN.ATM.CO2E.KT,66850,66800,65290,..,..
Greece,GRC,GDP per capita (current US$),NY.GDP.PCAP.CD,17911.7993774946,18536.1907178433,19747.3425837935,19133.7577636254,17622.5410033504
Greece,GRC,Fossil fuel energy consumption (% of total),EG.USE.COMM.FO.ZS,..,..,..,..,..
Greece,GRC,Renewable energy consumption (% of total final energy consumption),EG.FEC.RNEW.ZS,16.4099998474121,16.3834991455078,17.8591003417969,..,..
Greenland,GRL,CO2 emissions (kt),EN.ATM.CO2E.KT,..,..,..,..,..
Greenland,GRL,GDP per capita (current US$),NY.GDP.PCAP.CD,48181.874188064,50765.6956477233,54270.8223055238,53041.303310196,..
Greenland,GRL,Fossil fuel energy consumption (% of total),EG.USE.COMM.FO.ZS,..,..,..,..,..
Greenland,GRL,Renewable energy consumption (% of total final energy consumption),EG.FEC.RNEW.ZS,12.3331003189087,11.3109998703003,11.4736003875732,..,..
Grenada,GRD,CO2 emissions (kt),EN.ATM.CO2E.KT,280,290,300,..,..
Grenada,GRD,GDP per capita (current US$),NY.GDP.PCAP.CD,9628.2591689029,10152.8328118872,10466.8822111958,10827.4352905074,9261.55187617696
Grenada,GRD,Fossil fuel energy consumption (% of total),EG.USE.COMM.FO.ZS,..,..,..,..,..
Grenada,GRD,Renewable energy consumption (% of total final energy consumption),EG.FEC.RNEW.ZS,12.589599609375,12.586799621582,10.3895998001099,..,..
Guam,GUM,CO2 emissions (kt),EN.ATM.CO2E.KT,..,..,..,..,..
Guam,GUM,GDP per capita (current US$),NY.GDP.PCAP.CD,36214.0069224538,36601.9198811792,36556.6749110213,38040.5869870588,34624.3401290414
Guam,GUM,Fossil fuel energy consumption (% of total),EG.USE.COMM.FO.ZS,..,..,..,..,..
Guam,GUM,Renewable energy consumption (% of total final energy consumption),EG.FEC.RNEW.ZS,3.02940011024475,2.96020007133484,3.03839993476868,..,..
Guatemala,GTM,CO2 emissions (kt),EN.ATM.CO2E.KT,17460,16510,18210,..,..
Guatemala,GTM,GDP per capita (current US$),NY.GDP.PCAP.CD,4173.30166619474,4454.04814983548,4478.42464550944,4638.63494319511,4603.33961670975
Guatemala,GTM,Fossil fuel energy consumption (% of total),EG.USE.COMM.FO.ZS,..,..,..,..,..
Guatemala,GTM,Renewable energy consumption (% of total final energy consumption),EG.FEC.RNEW.ZS,63.3282012939453,65.0709991455078,64.0977020263672,..,..
Guinea,GIN,CO2 emissions (kt),EN.ATM.CO2E.KT,2830,2970,3120,..,..
Guinea,GIN,GDP per capita (current US$),NY.GDP.PCAP.CD,732.291511901662,855.575270552124,955.111281136711,1058.14336817356,1194.03786469445
Guinea,GIN,Fossil fuel energy consumption (% of total),EG.USE.COMM.FO.ZS,..,..,..,..,..
Guinea,GIN,Renewable energy consumption (% of total final energy consumption),EG.FEC.RNEW.ZS,75.2914962768555,71.9626998901367,69.883903503418,..,..
Guinea-Bissau,GNB,CO2 emissions (kt),EN.ATM.CO2E.KT,300,300,310,..,..
Guinea-Bissau,GNB,GDP per capita (current US$),NY.GDP.PCAP.CD,661.457838679603,738.549944890782,802.767385116156,749.453747028806,727.520171719562
Guinea-Bissau,GNB,Fossil fuel energy consumption (% of total),EG.USE.COMM.FO.ZS,..,..,..,..,..
Guinea-Bissau,GNB,Renewable energy consumption (% of total final energy consumption),EG.FEC.RNEW.ZS,86.7390975952148,86.7991027832031,86.7892990112305,..,..
Guyana,GUY,CO2 emissions (kt),EN.ATM.CO2E.KT,2310,2320,2440,..,..
Guyana,GUY,GDP per capita (current US$),NY.GDP.PCAP.CD,5811.39792362577,6124.95366998759,6145.81927664377,6609.51127954588,6955.93921717789
Guyana,GUY,Fossil fuel energy consumption (% of total),EG.USE.COMM.FO.ZS,..,..,..,..,..
Guyana,GUY,Renewable energy consumption (% of total final energy consumption),EG.FEC.RNEW.ZS,21.4074001312256,22.1821994781494,16.8080005645752,..,..
Haiti,HTI,CO2 emissions (kt),EN.ATM.CO2E.KT,3400,3370,3330,..,..
Haiti,HTI,GDP per capita (current US$),NY.GDP.PCAP.CD,1290.38050812318,1369.06373395137,1479.3458268885,1312.77063606676,1272.36799204205
Haiti,HTI,Fossil fuel energy consumption (% of total),EG.USE.COMM.FO.ZS,..,..,..,..,..
Haiti,HTI,Renewable energy consumption (% of total final energy consumption),EG.FEC.RNEW.ZS,76.1309967041016,76.1696014404297,76.2429962158203,..,..
Honduras,HND,CO2 emissions (kt),EN.ATM.CO2E.KT,9400,9000,9770,..,..
Honduras,HND,GDP per capita (current US$),NY.GDP.PCAP.CD,2326.29727827042,2436.6716359867,2492.86896769136,2556.45689068459,2389.012430771
Honduras,HND,Fossil fuel energy consumption (% of total),EG.USE.COMM.FO.ZS,..,..,..,..,..
Honduras,HND,Renewable energy consumption (% of total final energy consumption),EG.FEC.RNEW.ZS,52.7729988098145,46.2438011169434,50.0624008178711,..,..
"Hong Kong SAR, China",HKG,CO2 emissions (kt),EN.ATM.CO2E.KT,..,..,..,..,..
"Hong Kong SAR, China",HKG,GDP per capita (current US$),NY.GDP.PCAP.CD,43731.1068245299,46165.8565115953,48542.6818699161,48354.473367413,46323.8634424384
"Hong Kong SAR, China",HKG,Fossil fuel energy consumption (% of total),EG.USE.COMM.FO.ZS,..,..,..,..,..
"Hong Kong SAR, China",HKG,Renewable energy consumption (% of total final energy consumption),EG.FEC.RNEW.ZS,0.171700000762939,0.19310000538826,0.19539999961853,..,..
Hungary,HUN,CO2 emissions (kt),EN.ATM.CO2E.KT,44480,46550,46390,..,..
Hungary,HUN,GDP per capita (current US$),NY.GDP.PCAP.CD,13107.3779137744,14623.6966492311,16427.3727611478,16735.6597794761,15980.740889649
Hungary,HUN,Fossil fuel energy consumption (% of total),EG.USE.COMM.FO.ZS,..,..,..,..,..
Hungary,HUN,Renewable energy consumption (% of total final energy consumption),EG.FEC.RNEW.ZS,15.2638998031616,14.5065002441406,13.5340995788574,..,..
Iceland,ISL,CO2 emissions (kt),EN.ATM.CO2E.KT,2070,2170,2200,..,..
Iceland,ISL,GDP per capita (current US$),NY.GDP.PCAP.CD,61987.9263620283,72010.1490316258,74469.8040591559,68941.4622272394,59270.1800510483
Iceland,ISL,Fossil fuel energy consumption (% of total),EG.USE.COMM.FO.ZS,..,..,..,..,..
Iceland,ISL,Renewable energy consumption (% of total final energy consumption),EG.FEC.RNEW.ZS,77.4712982177734,76.8330993652344,78.2135009765625,..,..
India,IND,CO2 emissions (kt),EN.ATM.CO2E.KT,2183280,2301440,2434520,..,..
India,IND,GDP per capita (current US$),NY.GDP.PCAP.CD,1732.55424231659,1980.66701982802,1996.91508739789,2100.75146060805,1927.70782309335
India,IND,Fossil fuel energy consumption (% of total),EG.USE.COMM.FO.ZS,..,..,..,..,..
India,IND,Renewable energy consumption (% of total final energy consumption),EG.FEC.RNEW.ZS,33.5629005432129,32.212100982666,31.6891994476318,..,..
Indonesia,IDN,CO2 emissions (kt),EN.ATM.CO2E.KT,494980,532920,583110,..,..
Indonesia,IDN,GDP per capita (current US$),NY.GDP.PCAP.CD,3562.81633352183,3837.57802362633,3893.85957814877,4135.20153132694,3869.58842704537
Indonesia,IDN,Fossil fuel energy consumption (% of total),EG.USE.COMM.FO.ZS,..,..,..,..,..
Indonesia,IDN,Renewable energy consumption (% of total final energy consumption),EG.FEC.RNEW.ZS,27.8348007202148,25.4328002929688,20.863899230957,..,..
"Iran, Islamic Rep.",IRN,CO2 emissions (kt),EN.ATM.CO2E.KT,605760,620780,629290,..,..
"Iran, Islamic Rep.",IRN,GDP per capita (current US$),NY.GDP.PCAP.CD,5253.42656033356,5520.31478213998,3598.48345396129,3114.62275284063,2422.48065682777
"Iran, Islamic Rep.",IRN,Fossil fuel energy consumption (% of total),EG.USE.COMM.FO.ZS,..,..,..,..,..
"Iran, Islamic Rep.",IRN,Renewable energy consumption (% of total final energy consumption),EG.FEC.RNEW.ZS,1.04429996013641,0.970099985599518,0.995000004768372,..,..
Iraq,IRQ,CO2 emissions (kt),EN.ATM.CO2E.KT,172350,174290,188140,..,..
Iraq,IRQ,GDP per capita (current US$),NY.GDP.PCAP.CD,4550.65863784829,4985.45287942996,5915.85085369644,5980.6269179797,4145.86293637602
Iraq,IRQ,Fossil fuel energy consumption (% of total),EG.USE.COMM.FO.ZS,..,..,..,..,..
Iraq,IRQ,Renewable energy consumption (% of total final energy consumption),EG.FEC.RNEW.ZS,0.918299973011017,0.556400001049042,0.477299988269806,..,..
Ireland,IRL,CO2 emissions (kt),EN.ATM.CO2E.KT,38710,37530,37110,..,..
Ireland,IRL,GDP per capita (current US$),NY.GDP.PCAP.CD,62818.9663649805,69601.683881773,79068.9746116787,80886.6157387104,85267.7647437582
Ireland,IRL,Fossil fuel energy consumption (% of total),EG.USE.COMM.FO.ZS,..,..,..,..,..
Ireland,IRL,Renewable energy consumption (% of total final energy consumption),EG.FEC.RNEW.ZS,8.49880027770996,9.94279956817627,10.7444000244141,..,..
Isle of Man,IMN,CO2 emissions (kt),EN.ATM.CO2E.KT,..,..,..,..,..
Isle of Man,IMN,GDP per capita (current US$),NY.GDP.PCAP.CD,82197.12677026,83477.834285154,89112.6677158571,86481.5525905339,..
Isle of Man,IMN,Fossil fuel energy consumption (% of total),EG.USE.COMM.FO.ZS,..,..,..,..,..
Isle of Man,IMN,Renewable energy consumption (% of total final energy consumption),EG.FEC.RNEW.ZS,1.95959997177124,1.88160002231598,2.11050009727478,..,..
Israel,ISR,CO2 emissions (kt),EN.ATM.CO2E.KT,65260,66040,61970,..,..
Israel,ISR,GDP per capita (current US$),NY.GDP.PCAP.CD,37330.261796968,40774.1296073227,42063.4531274811,43951.2477305677,44168.9436355026
Israel,ISR,Fossil fuel energy consumption (% of total),EG.USE.COMM.FO.ZS,..,..,..,..,..
Israel,ISR,Renewable energy consumption (% of total final energy consumption),EG.FEC.RNEW.ZS,3.97790002822876,3.84990000724792,3.71539998054504,..,..
Italy,ITA,CO2 emissions (kt),EN.ATM.CO2E.KT,333340,329190,324850,..,..
Italy,ITA,GDP per capita (current US$),NY.GDP.PCAP.CD,30939.7142462298,32326.6742113994,34605.2627252058,33641.6337513622,31714.2209467105
Italy,ITA,Fossil fuel energy consumption (% of total),EG.USE.COMM.FO.ZS,..,..,..,..,..
Italy,ITA,Renewable energy consumption (% of total final energy consumption),EG.FEC.RNEW.ZS,16.0921993255615,16.4314994812012,17.0743007659912,..,..
Jamaica,JAM,CO2 emissions (kt),EN.ATM.CO2E.KT,7750,7190,8510,..,..
Jamaica,JAM,GDP per capita (current US$),NY.GDP.PCAP.CD,4843.74989999401,5070.0995030616,5359.99378939638,5369.4983713849,4664.53024222133
Jamaica,JAM,Fossil fuel energy consumption (% of total),EG.USE.COMM.FO.ZS,..,..,..,..,..
Jamaica,JAM,Renewable energy consumption (% of total final energy consumption),EG.FEC.RNEW.ZS,10.7552003860474,10.7249002456665,8.67240047454834,..,..
Japan,JPN,CO2 emissions (kt),EN.ATM.CO2E.KT,1171390,1151930,1106150,..,..
Japan,JPN,GDP per capita (current US$),NY.GDP.PCAP.CD,39400.7393559257,38891.0862716856,39808.1685608793,40777.6086970512,40193.2524448357
Japan,JPN,Fossil fuel energy consumption (% of total),EG.USE.COMM.FO.ZS,..,..,..,..,..
Japan,JPN,Renewable energy consumption (% of total final energy consumption),EG.FEC.RNEW.ZS,6.35979986190796,6.97450017929077,7.38770008087158,..,..
Jordan,JOR,CO2 emissions (kt),EN.ATM.CO2E.KT,24860,26100,24700,..,..
Jordan,JOR,GDP per capita (current US$),NY.GDP.PCAP.CD,4175.35660192301,4231.51827999134,4308.1510738997,4405.48710929391,4282.76582461621
Jordan,JOR,Fossil fuel energy consumption (% of total),EG.USE.COMM.FO.ZS,..,..,..,..,..
Jordan,JOR,Renewable energy consumption (% of total final energy consumption),EG.FEC.RNEW.ZS,4.66940021514893,5.26079988479614,7.18979978561401,..,..
Kazakhstan,KAZ,CO2 emissions (kt),EN.ATM.CO2E.KT,223020,225560,220450,..,..
Kazakhstan,KAZ,GDP per capita (current US$),NY.GDP.PCAP.CD,7714.84184376024,9247.58133129626,9812.62637077396,9812.5958082732,9122.23343021644
Kazakhstan,KAZ,Fossil fuel energy consumption (% of total),EG.USE.COMM.FO.ZS,..,..,..,..,..
Kazakhstan,KAZ,Renewable energy consumption (% of total final energy consumption),EG.FEC.RNEW.ZS,2.04390001296997,1.98730003833771,1.8555999994278,..,..
Kenya,KEN,CO2 emissions (kt),EN.ATM.CO2E.KT,18770,18890,18400,..,..
Kenya,KEN,GDP per capita (current US$),NY.GDP.PCAP.CD,1525.23519224992,1633.49121639293,1794.0911754468,1912.64786680344,1878.58070251348
Kenya,KEN,Fossil fuel energy consumption (% of total),EG.USE.COMM.FO.ZS,..,..,..,..,..
Kenya,KEN,Renewable energy consumption (% of total final energy consumption),EG.FEC.RNEW.ZS,70.9737014770508,71.3200988769531,72.2714996337891,..,..
Kiribati,KIR,CO2 emissions (kt),EN.ATM.CO2E.KT,80,80,80,..,..
Kiribati,KIR,GDP per capita (current US$),NY.GDP.PCAP.CD,1584.73801506175,1640.57120522974,1727.84500131644,1601.86186855285,1653.54029724315
Kiribati,KIR,Fossil fuel energy consumption (% of total),EG.USE.COMM.FO.ZS,..,..,..,..,..
Kiribati,KIR,Renewable energy consumption (% of total final energy consumption),EG.FEC.RNEW.ZS,46.5569000244141,41.2215003967285,41.1204986572266,..,..
"Korea, Dem. People's Rep.",PRK,CO2 emissions (kt),EN.ATM.CO2E.KT,30090,22380,18120,..,..
"Korea, Dem. People's Rep.",PRK,GDP per capita (current US$),NY.GDP.PCAP.CD,..,..,..,..,..
"Korea, Dem. People's Rep.",PRK,Fossil fuel energy consumption (% of total),EG.USE.COMM.FO.ZS,..,..,..,..,..
"Korea, Dem. People's Rep.",PRK,Renewable energy consumption (% of total final energy consumption),EG.FEC.RNEW.ZS,21.9207992553711,27.4729995727539,33.6614990234375,..,..
"Korea, Rep.",KOR,CO2 emissions (kt),EN.ATM.CO2E.KT,614780,625350,630870,..,..
"Korea, Rep.",KOR,GDP per capita (current US$),NY.GDP.PCAP.CD,29288.8704389833,31616.8434004683,33422.9442100836,31936.7963534728,31631.4694509866
"Korea, Rep.",KOR,Fossil fuel energy consumption (% of total),EG.USE.COMM.FO.ZS,..,..,..,..,..
"Korea, Rep.",KOR,Renewable energy consumption (% of total final energy consumption),EG.FEC.RNEW.ZS,2.54979991912842,2.84450006484985,3.18400001525879,..,..
Kosovo,XKX,CO2 emissions (kt),EN.ATM.CO2E.KT,..,..,..,..,..
Kosovo,XKX,GDP per capita (current US$),NY.GDP.PCAP.CD,3759.56024604446,4009.38098680368,4384.0488917319,4416.10835754636,4346.63793069721
Kosovo,XKX,Fossil fuel energy consumption (% of total),EG.USE.COMM.FO.ZS,..,..,..,..,..
Kosovo,XKX,Renewable energy consumption (% of total final energy consumption),EG.FEC.RNEW.ZS,26.6471004486084,25.1774005889893,26.9020004272461,..,..
Kuwait,KWT,CO2 emissions (kt),EN.ATM.CO2E.KT,89880,89720,89460,..,..
Kuwait,KWT,GDP per capita (current US$),NY.GDP.PCAP.CD,27653.1576200281,29759.4674745278,33399.0604365842,32373.2511220507,24811.7697100231
Kuwait,KWT,Fossil fuel energy consumption (% of total),EG.USE.COMM.FO.ZS,..,..,..,..,..
Kuwait,KWT,Renewable energy consumption (% of total final energy consumption),EG.FEC.RNEW.ZS,0.0212999992072582,0.0260000005364418,0.0335999988019466,..,..
Kyrgyz Republic,KGZ,CO2 emissions (kt),EN.ATM.CO2E.KT,9700,9340,11000,..,..
Kyrgyz Republic,KGZ,GDP per capita (current US$),NY.GDP.PCAP.CD,1120.66651300848,1242.76964282023,1308.14016549619,1374.03210467421,1173.61130419926
Kyrgyz Republic,KGZ,Fossil fuel energy consumption (% of total),EG.USE.COMM.FO.ZS,..,..,..,..,..
Kyrgyz Republic,KGZ,Renewable energy consumption (% of total final energy consumption),EG.FEC.RNEW.ZS,21.9185009002686,24.5468006134033,23.2124004364014,..,..
Lao PDR,LAO,CO2 emissions (kt),EN.ATM.CO2E.KT,15360,18510,18790,..,..
Lao PDR,LAO,GDP per capita (current US$),NY.GDP.PCAP.CD,2324.40091700425,2455.21155944893,2569.09389217251,2635.80001503359,2629.71458287115
Lao PDR,LAO,Fossil fuel energy consumption (% of total),EG.USE.COMM.FO.ZS,..,..,..,..,..
Lao PDR,LAO,Renewable energy consumption (% of total final energy consumption),EG.FEC.RNEW.ZS,49.5401000976563,45.8628997802734,41.8841018676758,..,..
Latvia,LVA,CO2 emissions (kt),EN.ATM.CO2E.KT,7150,7120,7630,..,..
Latvia,LVA,GDP per capita (current US$),NY.GDP.PCAP.CD,14322.0226779514,15656.3474910518,17856.3071171976,17926.841589919,17726.2529351368
Latvia,LVA,Fossil fuel energy consumption (% of total),EG.USE.COMM.FO.ZS,..,..,..,..,..
Latvia,LVA,Renewable energy consumption (% of total final energy consumption),EG.FEC.RNEW.ZS,38.4826011657715,42.598201751709,41.2528991699219,..,..
Lebanon,LBN,CO2 emissions (kt),EN.ATM.CO2E.KT,27810,29280,27710,..,..
Lebanon,LBN,GDP per capita (current US$),NY.GDP.PCAP.CD,7653.73362998424,7819.60467019649,8058.44433692324,7578.17236808171,4649.54764607837
Lebanon,LBN,Fossil fuel energy consumption (% of total),EG.USE.COMM.FO.ZS,..,..,..,..,..
Lebanon,LBN,Renewable energy consumption (% of total final energy consumption),EG.FEC.RNEW.ZS,3.94470000267029,3.9539999961853,4.71000003814697,..,..
Lesotho,LSO,CO2 emissions (kt),EN.ATM.CO2E.KT,2270,2440,2570,..,..
Lesotho,LSO,GDP per capita (current US$),NY.GDP.PCAP.CD,1018.93109291945,1102.94441037887,1192.4843195181,1113.37214033581,875.353432963926
Lesotho,LSO,Fossil fuel energy consumption (% of total),EG.USE.COMM.FO.ZS,..,..,..,..,..
Lesotho,LSO,Renewable energy consumption (% of total final energy consumption),EG.FEC.RNEW.ZS,43.5480003356934,40.1160011291504,38.415699005127,..,..
Liberia,LBR,CO2 emissions (kt),EN.ATM.CO2E.KT,1410,1260,1320,..,..
Liberia,LBR,GDP per capita (current US$),NY.GDP.PCAP.CD,740.914906030102,721.085044013216,710.265998419581,672.340499220841,632.93638561735
Liberia,LBR,Fossil fuel energy consumption (% of total),EG.USE.COMM.FO.ZS,..,..,..,..,..
Liberia,LBR,Renewable energy consumption (% of total final energy consumption),EG.FEC.RNEW.ZS,82.9130020141602,85.0087966918945,87.2133026123047,..,..
Libya,LBY,CO2 emissions (kt),EN.ATM.CO2E.KT,51180,56810,58940,..,..
Libya,LBY,GDP per capita (current US$),NY.GDP.PCAP.CD,4035.19680169994,5756.69932474775,7877.12460954542,7685.94813248318,3699.29476514318
Libya,LBY,Fossil fuel energy consumption (% of total),EG.USE.COMM.FO.ZS,..,..,..,..,..
Libya,LBY,Renewable energy consumption (% of total final energy consumption),EG.FEC.RNEW.ZS,2.63289999961853,2.667799949646,2.62619996070862,..,..
Liechtenstein,LIE,CO2 emissions (kt),EN.ATM.CO2E.KT,150,160,140,..,..
Liechtenstein,LIE,GDP per capita (current US$),NY.GDP.PCAP.CD,165642.386275555,171253.964253797,180366.715197575,175813.875592058,..
Liechtenstein,LIE,Fossil fuel energy consumption (% of total),EG.USE.COMM.FO.ZS,..,..,..,..,..
Liechtenstein,LIE,Renewable energy consumption (% of total final energy consumption),EG.FEC.RNEW.ZS,55.8217010498047,55.3255996704102,56.7998008728027,..,..
Lithuania,LTU,CO2 emissions (kt),EN.ATM.CO2E.KT,11200,11220,11590,..,..
Lithuania,LTU,GDP per capita (current US$),NY.GDP.PCAP.CD,14998.1250595137,16843.699654691,19176.812150505,19575.768481407,20233.6413480843
Lithuania,LTU,Fossil fuel energy consumption (% of total),EG.USE.COMM.FO.ZS,..,..,..,..,..
Lithuania,LTU,Renewable energy consumption (% of total final energy consumption),EG.FEC.RNEW.ZS,31.4717998504639,33.7784996032715,33.4990997314453,..,..
Luxembourg,LUX,CO2 emissions (kt),EN.ATM.CO2E.KT,8860,9000,9320,..,..
Luxembourg,LUX,GDP per capita (current US$),NY.GDP.PCAP.CD,106826.726448542,109921.031443585,117197.48169363,113218.713349678,116014.602496869
Luxembourg,LUX,Fossil fuel energy consumption (% of total),EG.USE.COMM.FO.ZS,..,..,..,..,..
Luxembourg,LUX,Renewable energy consumption (% of total final energy consumption),EG.FEC.RNEW.ZS,13.4963998794556,15.328800201416,16.0277004241943,..,..
"Macao SAR, China",MAC,CO2 emissions (kt),EN.ATM.CO2E.KT,..,..,..,..,..
"Macao SAR, China",MAC,GDP per capita (current US$),NY.GDP.PCAP.CD,73545.758237307,81019.4737666593,87526.0799912635,86197.3656943949,39403.1359073362
"Macao SAR, China",MAC,Fossil fuel energy consumption (% of total),EG.USE.COMM.FO.ZS,..,..,..,..,..
"Macao SAR, China",MAC,Renewable energy consumption (% of total final energy consumption),EG.FEC.RNEW.ZS,7.84740018844604,5.85120010375977,14.0094995498657,..,..
Madagascar,MDG,CO2 emissions (kt),EN.ATM.CO2E.KT,3220,3500,3370,..,..
Madagascar,MDG,GDP per capita (current US$),NY.GDP.PCAP.CD,475.955556826336,515.293323373233,523.94597141966,522.989524271408,471.491496300252
Madagascar,MDG,Fossil fuel energy consumption (% of total),EG.USE.COMM.FO.ZS,..,..,..,..,..
Madagascar,MDG,Renewable energy consumption (% of total final energy consumption),EG.FEC.RNEW.ZS,83.9795989990234,81.3202972412109,81.568603515625,..,..
Malawi,MWI,CO2 emissions (kt),EN.ATM.CO2E.KT,1360,1500,1570,..,..
Malawi,MWI,GDP per capita (current US$),NY.GDP.PCAP.CD,315.777987100071,506.137294436399,544.593435393373,591.846389556646,636.820536833847
Malawi,MWI,Fossil fuel energy consumption (% of total),EG.USE.COMM.FO.ZS,..,..,..,..,..
Malawi,MWI,Renewable energy consumption (% of total final energy consumption),EG.FEC.RNEW.ZS,78.6738967895508,75.899299621582,73.2249984741211,..,..
Malaysia,MYS,CO2 emissions (kt),EN.ATM.CO2E.KT,228640,222890,239620,..,..
Malaysia,MYS,GDP per capita (current US$),NY.GDP.PCAP.CD,9817.78709031009,10259.3048064811,11380.0820900475,11432.8229973018,10412.3489834381
Malaysia,MYS,Fossil fuel energy consumption (% of total),EG.USE.COMM.FO.ZS,..,..,..,..,..
Malaysia,MYS,Renewable energy consumption (% of total final energy consumption),EG.FEC.RNEW.ZS,4.43120002746582,5.22349977493286,5.3105001449585,..,..
Maldives,MDV,CO2 emissions (kt),EN.ATM.CO2E.KT,1750,1820,1910,..,..
Maldives,MDV,GDP per capita (current US$),NY.GDP.PCAP.CD,9209.44356385479,9577.34694587865,10279.0799751619,10561.6135113508,6924.10574465625
Maldives,MDV,Fossil fuel energy consumption (% of total),EG.USE.COMM.FO.ZS,..,..,..,..,..
Maldives,MDV,Renewable energy consumption (% of total final energy consumption),EG.FEC.RNEW.ZS,1.21319997310638,1.25460004806519,1.11829996109009,..,..
Mali,MLI,CO2 emissions (kt),EN.ATM.CO2E.KT,4420,5050,5620,..,..
Mali,MLI,GDP per capita (current US$),NY.GDP.PCAP.CD,780.723569528087,830.021515346886,894.804776510366,879.043187300812,862.453018770252
Mali,MLI,Fossil fuel energy consumption (% of total),EG.USE.COMM.FO.ZS,..,..,..,..,..
Mali,MLI,Renewable energy consumption (% of total final energy consumption),EG.FEC.RNEW.ZS,76.1552963256836,76.3650970458984,76.6082000732422,..,..
Malta,MLT,CO2 emissions (kt),EN.ATM.CO2E.KT,1350,1520,1550,..,..
Malta,MLT,GDP per capita (current US$),NY.GDP.PCAP.CD,25741.4460613677,28250.6977747589,30672.2922439038,30186.1959621979,27884.6428274251
Malta,MLT,Fossil fuel energy consumption (% of total),EG.USE.COMM.FO.ZS,..,..,..,..,..
Malta,MLT,Renewable energy consumption (% of total final energy consumption),EG.FEC.RNEW.ZS,9.25279998779297,7.25339984893799,7.46479988098145,..,..
Marshall Islands,MHL,CO2 emissions (kt),EN.ATM.CO2E.KT,180,180,190,..,..
Marshall Islands,MHL,GDP per capita (current US$),NY.GDP.PCAP.CD,3490.99838885713,3672.57678328424,3793.55098267479,4073.10982973584,4129.850998412
Marshall Islands,MHL,Fossil fuel energy consumption (% of total),EG.USE.COMM.FO.ZS,..,..,..,..,..
Marshall Islands,MHL,Renewable energy consumption (% of total final energy consumption),EG.FEC.RNEW.ZS,11.7508001327515,11.7524995803833,11.7181997299194,..,..
Mauritania,MRT,CO2 emissions (kt),EN.ATM.CO2E.KT,2810,3800,4000,..,..
Mauritania,MRT,GDP per capita (current US$),NY.GDP.PCAP.CD,1536.85488788877,1587.61126325063,1670.2041645288,1743.30290093768,1701.99116304908
Mauritania,MRT,Fossil fuel energy consumption (% of total),EG.USE.COMM.FO.ZS,..,..,..,..,..
Mauritania,MRT,Renewable energy consumption (% of total final energy consumption),EG.FEC.RNEW.ZS,31.6481990814209,25.1851005554199,25.1306991577148,..,..
Mauritius,MUS,CO2 emissions (kt),EN.ATM.CO2E.KT,4040,4180,4130,..,..
Mauritius,MUS,GDP per capita (current US$),NY.GDP.PCAP.CD,9681.61856689674,10484.9083620411,11208.3438184474,11097.168977137,8627.84315711981
Mauritius,MUS,Fossil fuel energy consumption (% of total),EG.USE.COMM.FO.ZS,..,..,..,..,..
Mauritius,MUS,Renewable energy consumption (% of total final energy consumption),EG.FEC.RNEW.ZS,10.3325996398926,9.42230033874512,9.19890022277832,..,..
Mexico,MEX,CO2 emissions (kt),EN.ATM.CO2E.KT,479250,471810,472140,..,..
Mexico,MEX,GDP per capita (current US$),NY.GDP.PCAP.CD,8744.51555912786,9287.84958732302,9686.98492655586,9950.45008048459,8329.27131263927
Mexico,MEX,Fossil fuel energy consumption (% of total),EG.USE.COMM.FO.ZS,..,..,..,..,..
Mexico,MEX,Renewable energy consumption (% of total final energy consumption),EG.FEC.RNEW.ZS,9.22010040283203,9.53759956359863,9.62530040740967,..,..
"Micronesia, Fed. Sts.",FSM,CO2 emissions (kt),EN.ATM.CO2E.KT,170,170,180,..,..
"Micronesia, Fed. Sts.",FSM,GDP per capita (current US$),NY.GDP.PCAP.CD,3014.70035839042,3289.64211697365,3568.291015625,3585.39244888455,3565.293294268
"Micronesia, Fed. Sts.",FSM,Fossil fuel energy consumption (% of total),EG.USE.COMM.FO.ZS,..,..,..,..,..
"Micronesia, Fed. Sts.",FSM,Renewable energy consumption (% of total final energy consumption),EG.FEC.RNEW.ZS,1.60790002346039,1.42089998722076,1.75189995765686,..,..
Moldova,MDA,CO2 emissions (kt),EN.ATM.CO2E.KT,8140,8160,8590,..,..
Moldova,MDA,GDP per capita (current US$),NY.GDP.PCAP.CD,2880.43928129296,3509.69345025814,4230.3630367862,4491.6888269382,4547.05972064671
Moldova,MDA,Fossil fuel energy consumption (% of total),EG.USE.COMM.FO.ZS,..,..,..,..,..
Moldova,MDA,Renewable energy consumption (% of total final energy consumption),EG.FEC.RNEW.ZS,25.2954998016357,26.0611000061035,25.7460994720459,..,..
Monaco,MCO,CO2 emissions (kt),EN.ATM.CO2E.KT,..,..,..,..,..
Monaco,MCO,GDP per capita (current US$),NY.GDP.PCAP.CD,170028.655717864,167517.059727856,185978.609251356,189487.14712838,173688.189360292
Monaco,MCO,Fossil fuel energy consumption (% of total),EG.USE.COMM.FO.ZS,..,..,..,..,..
Monaco,MCO,Renewable energy consumption (% of total final energy consumption),EG.FEC.RNEW.ZS,..,..,..,..,..
Mongolia,MNG,CO2 emissions (kt),EN.ATM.CO2E.KT,18170,19470,21320,..,..
Mongolia,MNG,GDP per capita (current US$),NY.GDP.PCAP.CD,3658.39030030916,3687.10000337811,4156.8469697802,4404.84583020208,4060.95051770038
Mongolia,MNG,Fossil fuel energy consumption (% of total),EG.USE.COMM.FO.ZS,..,..,..,..,..
Mongolia,MNG,Renewable energy consumption (% of total final energy consumption),EG.FEC.RNEW.ZS,3.39429998397827,3.60109996795654,3.35829997062683,..,..
Montenegro,MNE,CO2 emissions (kt),EN.ATM.CO2E.KT,2110,2230,2520,..,..
Montenegro,MNE,GDP per capita (current US$),NY.GDP.PCAP.CD,7028.93657685094,7784.06528996557,8845.91421887296,8910.65083414613,7677.15222569996
Montenegro,MNE,Fossil fuel energy consumption (% of total),EG.USE.COMM.FO.ZS,..,..,..,..,..
Montenegro,MNE,Renewable energy consumption (% of total final energy consumption),EG.FEC.RNEW.ZS,43.9141998291016,37.7830009460449,40.6072006225586,..,..
Morocco,MAR,CO2 emissions (kt),EN.ATM.CO2E.KT,63080,65930,66680,..,..
Morocco,MAR,GDP per capita (current US$),NY.GDP.PCAP.CD,2896.72219562665,3035.45443323105,3226.98279356862,3235.00066048238,3058.69168866957
Morocco,MAR,Fossil fuel energy consumption (% of total),EG.USE.COMM.FO.ZS,..,..,..,..,..
Morocco,MAR,Renewable energy consumption (% of total final energy consumption),EG.FEC.RNEW.ZS,11.0204000473022,10.4181003570557,10.8323001861572,..,..
Mozambique,MOZ,CO2 emissions (kt),EN.ATM.CO2E.KT,5790,6020,6640,..,..
Mozambique,MOZ,GDP per capita (current US$),NY.GDP.PCAP.CD,428.926672944529,461.415094120589,503.317925171139,506.641639083046,448.544280704982
Mozambique,MOZ,Fossil fuel energy consumption (% of total),EG.USE.COMM.FO.ZS,..,..,..,..,..
Mozambique,MOZ,Renewable energy consumption (% of total final energy consumption),EG.FEC.RNEW.ZS,70.5039978027344,68.507698059082,65.9421005249023,..,..
Myanmar,MMR,CO2 emissions (kt),EN.ATM.CO2E.KT,21890,31400,32520,..,..
Myanmar,MMR,GDP per capita (current US$),NY.GDP.PCAP.CD,1136.61066545868,1151.11446155062,1250.17369130663,1271.1115749486,1467.60428115143
Myanmar,MMR,Fossil fuel energy consumption (% of total),EG.USE.COMM.FO.ZS,..,..,..,..,..
Myanmar,MMR,Renewable energy consumption (% of total final energy consumption),EG.FEC.RNEW.ZS,69.5346984863281,60.5728988647461,60.1110992431641,..,..
Namibia,NAM,CO2 emissions (kt),EN.ATM.CO2E.KT,4360,4330,4250,..,..
Namibia,NAM,GDP per capita (current US$),NY.GDP.PCAP.CD,4546.98668754958,5367.11467444788,5588.39286411942,5009.68590391401,4179.27806560875
Namibia,NAM,Fossil fuel energy consumption (% of total),EG.USE.COMM.FO.ZS,..,..,..,..,..
Namibia,NAM,Renewable energy consumption (% of total final energy consumption),EG.FEC.RNEW.ZS,28.7101001739502,29.4083003997803,30.3269996643066,..,..
Nauru,NRU,CO2 emissions (kt),EN.ATM.CO2E.KT,60,70,70,..,..
Nauru,NRU,GDP per capita (current US$),NY.GDP.PCAP.CD,9521.04210071383,10339.385479551,11614.665076832,11029.7355824213,10580.2681883905
Nauru,NRU,Fossil fuel energy consumption (% of total),EG.USE.COMM.FO.ZS,..,..,..,..,..
Nauru,NRU,Renewable energy consumption (% of total final energy consumption),EG.FEC.RNEW.ZS,0.17569999396801,0.602199971675873,0.656799972057343,..,..
Nepal,NPL,CO2 emissions (kt),EN.ATM.CO2E.KT,9340,11030,12030,..,..
Nepal,NPL,GDP per capita (current US$),NY.GDP.PCAP.CD,899.523581017634,1048.45375534427,1178.52593245237,1194.95687572575,1155.14285440358
Nepal,NPL,Fossil fuel energy consumption (% of total),EG.USE.COMM.FO.ZS,..,..,..,..,..
Nepal,NPL,Renewable energy consumption (% of total final energy consumption),EG.FEC.RNEW.ZS,79.195198059082,76.4075012207031,75.0397033691406,..,..
Netherlands,NLD,CO2 emissions (kt),EN.ATM.CO2E.KT,158270,155910,151170,..,..
Netherlands,NLD,GDP per capita (current US$),NY.GDP.PCAP.CD,46007.8529206547,48554.9922761756,53018.6293562696,52476.2732533327,52397.1167129558
Netherlands,NLD,Fossil fuel energy consumption (% of total),EG.USE.COMM.FO.ZS,..,..,..,..,..
Netherlands,NLD,Renewable energy consumption (% of total final energy consumption),EG.FEC.RNEW.ZS,5.63889980316162,6.35620021820068,7.38369989395142,..,..
New Caledonia,NCL,CO2 emissions (kt),EN.ATM.CO2E.KT,..,..,..,..,..
New Caledonia,NCL,GDP per capita (current US$),NY.GDP.PCAP.CD,32391.1972180394,33976.5555540689,36382.487655681,34788.529281587,..
New Caledonia,NCL,Fossil fuel energy consumption (% of total),EG.USE.COMM.FO.ZS,..,..,..,..,..
New Caledonia,NCL,Renewable energy consumption (% of total final energy consumption),EG.FEC.RNEW.ZS,3.69790005683899,5.08239984512329,4.43639993667603,..,..
New Zealand,NZL,CO2 emissions (kt),EN.ATM.CO2E.KT,31180,32920,32210,..,..
New Zealand,NZL,GDP per capita (current US$),NY.GDP.PCAP.CD,40080.4941137172,42992.8952738896,43306.0700032372,42755.2162634522,41441.4666667011
New Zealand,NZL,Fossil fuel energy consumption (% of total),EG.USE.COMM.FO.ZS,..,..,..,..,..
New Zealand,NZL,Renewable energy consumption (% of total final energy consumption),EG.FEC.RNEW.ZS,31.6702995300293,30.445499420166,31.0396003723145,..,..
Nicaragua,NIC,CO2 emissions (kt),EN.ATM.CO2E.KT,5380,5400,5210,..,..
Nicaragua,NIC,GDP per capita (current US$),NY.GDP.PCAP.CD,2107.5740596602,2159.15671369193,2014.57518879047,1926.69969398276,1905.26115155921
Nicaragua,NIC,Fossil fuel energy consumption (% of total),EG.USE.COMM.FO.ZS,..,..,..,..,..
Nicaragua,NIC,Renewable energy consumption (% of total final energy consumption),EG.FEC.RNEW.ZS,49.5424003601074,48.8689002990723,50.1913986206055,..,..
Niger,NER,CO2 emissions (kt),EN.ATM.CO2E.KT,1970,2070,2290,..,..
Niger,NER,GDP per capita (current US$),NY.GDP.PCAP.CD,500.214911266535,517.771572271371,570.723921953592,554.099389259855,567.669892261611
Niger,NER,Fossil fuel energy consumption (% of total),EG.USE.COMM.FO.ZS,..,..,..,..,..
Niger,NER,Renewable energy consumption (% of total final energy consumption),EG.FEC.RNEW.ZS,79.6454010009766,79.4359970092773,77.9660034179688,..,..
Nigeria,NGA,CO2 emissions (kt),EN.ATM.CO2E.KT,108420,112920,130670,..,..
Nigeria,NGA,GDP per capita (current US$),NY.GDP.PCAP.CD,2176.00277201515,1968.56539847444,2027.77854863842,2229.8586518613,2097.09247289022
Nigeria,NGA,Fossil fuel energy consumption (% of total),EG.USE.COMM.FO.ZS,..,..,..,..,..
Nigeria,NGA,Renewable energy consumption (% of total final energy consumption),EG.FEC.RNEW.ZS,82.4570999145508,82.649299621582,79.6541976928711,..,..
North Macedonia,MKD,CO2 emissions (kt),EN.ATM.CO2E.KT,7390,7860,7370,..,..
North Macedonia,MKD,GDP per capita (current US$),NY.GDP.PCAP.CD,5149.58907435906,5450.4928808666,6108.74010831698,6070.38805358275,5917.26257545221
North Macedonia,MKD,Fossil fuel energy consumption (% of total),EG.USE.COMM.FO.ZS,..,..,..,..,..
North Macedonia,MKD,Renewable energy consumption (% of total final energy consumption),EG.FEC.RNEW.ZS,21.431999206543,19.0580005645752,20.8715991973877,..,..
Northern Mariana Islands,MNP,CO2 emissions (kt),EN.ATM.CO2E.KT,..,..,..,..,..
Northern Mariana Islands,MNP,GDP per capita (current US$),NY.GDP.PCAP.CD,21891.1847936355,27584.7435149329,22886.6740494647,20659.6402915421,..
Northern Mariana Islands,MNP,Fossil fuel energy consumption (% of total),EG.USE.COMM.FO.ZS,..,..,..,..,..
Northern Mariana Islands,MNP,Renewable energy consumption (% of total final energy consumption),EG.FEC.RNEW.ZS,0,0,0,..,..
Norway,NOR,CO2 emissions (kt),EN.ATM.CO2E.KT,37950,36900,37350,..,..
Norway,NOR,GDP per capita (current US$),NY.GDP.PCAP.CD,70460.5605323322,75496.7540581998,82267.809316159,75719.7528965342,67329.6777910967
Norway,NOR,Fossil fuel energy consumption (% of total),EG.USE.COMM.FO.ZS,..,..,..,..,..
Norway,NOR,Renewable energy consumption (% of total final energy consumption),EG.FEC.RNEW.ZS,59.4174995422363,61.1110000610352,60.8138008117676,..,..
Oman,OMN,CO2 emissions (kt),EN.ATM.CO2E.KT,69540,69900,73370,..,..
Oman,OMN,GDP per capita (current US$),NY.GDP.PCAP.CD,16772.7392134801,17329.1854626719,18947.3664959773,17700.7034900714,14485.3861157973
Oman,OMN,Fossil fuel energy consumption (% of total),EG.USE.COMM.FO.ZS,..,..,..,..,..
Oman,OMN,Renewable energy consumption (% of total final energy consumption),EG.FEC.RNEW.ZS,0.00170000002253801,0.0015999999595806,0.00150000001303852,..,..
Pakistan,PAK,CO2 emissions (kt),EN.ATM.CO2E.KT,180570,197700,208370,..,..
Pakistan,PAK,GDP per capita (current US$),NY.GDP.PCAP.CD,1368.42696140417,1464.9261954181,1482.21306651797,1288.55632450434,1188.85975692162
Pakistan,PAK,Fossil fuel energy consumption (% of total),EG.USE.COMM.FO.ZS,..,..,..,..,..
Pakistan,PAK,Renewable energy consumption (% of total final energy consumption),EG.FEC.RNEW.ZS,43.6949996948242,42.0941009521484,41.7417984008789,..,..
Palau,PLW,CO2 emissions (kt),EN.ATM.CO2E.KT,260,270,290,..,..
Palau,PLW,GDP per capita (current US$),NY.GDP.PCAP.CD,16835.9860029349,16019.9898927509,15895.2598961532,15232.4870840509,14243.8646915764
Palau,PLW,Fossil fuel energy consumption (% of total),EG.USE.COMM.FO.ZS,..,..,..,..,..
Palau,PLW,Renewable energy consumption (% of total final energy consumption),EG.FEC.RNEW.ZS,0.0500999987125397,0.0493000000715256,0.0518999993801117,..,..
Panama,PAN,CO2 emissions (kt),EN.ATM.CO2E.KT,10770,10250,10140,..,..
Panama,PAN,GDP per capita (current US$),NY.GDP.PCAP.CD,14343.9802572159,15146.4085115348,15544.9990788449,15774.2549406847,12509.8352901414
Panama,PAN,Fossil fuel energy consumption (% of total),EG.USE.COMM.FO.ZS,..,..,..,..,..
Panama,PAN,Renewable energy consumption (% of total final energy consumption),EG.FEC.RNEW.ZS,22.1005001068115,23.5802001953125,24.4111995697021,..,..
Papua New Guinea,PNG,CO2 emissions (kt),EN.ATM.CO2E.KT,7630,7700,7460,..,..
Papua New Guinea,PNG,GDP per capita (current US$),NY.GDP.PCAP.CD,2509.62963689931,2695.24900855956,2801.37139302915,2820.30639650689,2757.21752973696
Papua New Guinea,PNG,Fossil fuel energy consumption (% of total),EG.USE.COMM.FO.ZS,..,..,..,..,..
Papua New Guinea,PNG,Renewable energy consumption (% of total final energy consumption),EG.FEC.RNEW.ZS,50.0503005981445,49.8828010559082,49.5532989501953,..,..
Paraguay,PRY,CO2 emissions (kt),EN.ATM.CO2E.KT,7150,8000,8420,..,..
Paraguay,PRY,GDP per capita (current US$),NY.GDP.PCAP.CD,5324.60906777777,5678.8699722,5782.78454981286,5380.9633218413,5001.07276045191
Paraguay,PRY,Fossil fuel energy consumption (% of total),EG.USE.COMM.FO.ZS,..,..,..,..,..
Paraguay,PRY,Renewable energy consumption (% of total final energy consumption),EG.FEC.RNEW.ZS,62.4925003051758,60.1116981506348,59.2313995361328,..,..
Peru,PER,CO2 emissions (kt),EN.ATM.CO2E.KT,56530,53990,54280,..,..
Peru,PER,GDP per capita (current US$),NY.GDP.PCAP.CD,6204.9964574796,6710.50760214164,6957.79341149359,7027.61220697723,6126.87453978867
Peru,PER,Fossil fuel energy consumption (% of total),EG.USE.COMM.FO.ZS,..,..,..,..,..
Peru,PER,Renewable energy consumption (% of total final energy consumption),EG.FEC.RNEW.ZS,27.2106990814209,27.6040000915527,27.8973999023438,..,..
Philippines,PHL,CO2 emissions (kt),EN.ATM.CO2E.KT,124920,136590,142240,..,..
Philippines,PHL,GDP per capita (current US$),NY.GDP.PCAP.CD,3073.65468570946,3123.24564174845,3252.11027410024,3485.3408438977,3298.82958569657
Philippines,PHL,Fossil fuel energy consumption (% of total),EG.USE.COMM.FO.ZS,..,..,..,..,..
Philippines,PHL,Renewable energy consumption (% of total final energy consumption),EG.FEC.RNEW.ZS,23.9699001312256,23.3966007232666,23.220100402832,..,..
Poland,POL,CO2 emissions (kt),EN.ATM.CO2E.KT,299740,312820,312740,..,..
Poland,POL,GDP per capita (current US$),NY.GDP.PCAP.CD,12447.4395912808,13864.6817579973,15468.4822194105,15732.2031311754,15720.994663556
Poland,POL,Fossil fuel energy consumption (% of total),EG.USE.COMM.FO.ZS,..,..,..,..,..
Poland,POL,Renewable energy consumption (% of total final energy consumption),EG.FEC.RNEW.ZS,11.3368997573853,11.1876001358032,11.2637996673584,..,..
Portugal,PRT,CO2 emissions (kt),EN.ATM.CO2E.KT,48760,53330,49780,..,..
Portugal,PRT,GDP per capita (current US$),NY.GDP.PCAP.CD,19978.401214968,21437.3475036794,23551.0482905614,23330.817288932,22176.2967116929
Portugal,PRT,Fossil fuel energy consumption (% of total),EG.USE.COMM.FO.ZS,..,..,..,..,..
Portugal,PRT,Renewable energy consumption (% of total final energy consumption),EG.FEC.RNEW.ZS,29.0014991760254,24.4234008789063,27.6138000488281,..,..
Puerto Rico,PRI,CO2 emissions (kt),EN.ATM.CO2E.KT,..,..,..,..,..
Puerto Rico,PRI,GDP per capita (current US$),NY.GDP.PCAP.CD,30627.1634017011,31108.7605697675,31604.7015144578,32850.5486123592,32290.9211360931
Puerto Rico,PRI,Fossil fuel energy consumption (% of total),EG.USE.COMM.FO.ZS,..,..,..,..,..
Puerto Rico,PRI,Renewable energy consumption (% of total final energy consumption),EG.FEC.RNEW.ZS,1.82840001583099,2.16709995269775,1.36360001564026,..,..
Qatar,QAT,CO2 emissions (kt),EN.ATM.CO2E.KT,85280,87680,90170,..,..
Qatar,QAT,GDP per capita (current US$),NY.GDP.PCAP.CD,57162.9680117767,59124.8672712073,65907.9484350408,62276.4286944365,50124.3859361728
Qatar,QAT,Fossil fuel energy consumption (% of total),EG.USE.COMM.FO.ZS,..,..,..,..,..
Qatar,QAT,Renewable energy consumption (% of total final energy consumption),EG.FEC.RNEW.ZS,0,0,0,..,..
Romania,ROU,CO2 emissions (kt),EN.ATM.CO2E.KT,71140,74100,74880,..,..
Romania,ROU,GDP per capita (current US$),NY.GDP.PCAP.CD,9548.58740298268,10807.0091671993,12398.9819787666,12899.3461112897,12896.0886211622
Romania,ROU,Fossil fuel energy consumption (% of total),EG.USE.COMM.FO.ZS,..,..,..,..,..
Romania,ROU,Renewable energy consumption (% of total final energy consumption),EG.FEC.RNEW.ZS,24.4260005950928,23.3785991668701,23.0492992401123,..,..
Russian Federation,RUS,CO2 emissions (kt),EN.ATM.CO2E.KT,1530900,1557190,1607550,..,..
Russian Federation,RUS,GDP per capita (current US$),NY.GDP.PCAP.CD,8704.89841329594,10720.3326583505,11287.3552780815,11497.6492498593,10126.7217935297
Russian Federation,RUS,Fossil fuel energy consumption (% of total),EG.USE.COMM.FO.ZS,..,..,..,..,..
Russian Federation,RUS,Renewable energy consumption (% of total final energy consumption),EG.FEC.RNEW.ZS,3.35719990730286,3.24760007858276,3.18050003051758,..,..
Rwanda,RWA,CO2 emissions (kt),EN.ATM.CO2E.KT,1050,1050,1080,..,..
Rwanda,RWA,GDP per capita (current US$),NY.GDP.PCAP.CD,744.760748755977,772.316989145919,783.637162814808,820.149288558594,797.855520671748
Rwanda,RWA,Fossil fuel energy consumption (% of total),EG.USE.COMM.FO.ZS,..,..,..,..,..
Rwanda,RWA,Renewable energy consumption (% of total final energy consumption),EG.FEC.RNEW.ZS,86.0774002075195,86.9050979614258,85.6945037841797,..,..
Samoa,WSM,CO2 emissions (kt),EN.ATM.CO2E.KT,300,300,320,..,..
Samoa,WSM,GDP per capita (current US$),NY.GDP.PCAP.CD,4109.66322774081,4258.97876710344,4187.50472923664,4322.86845664045,4067.84345873762
Samoa,WSM,Fossil fuel energy consumption (% of total),EG.USE.COMM.FO.ZS,..,..,..,..,..
Samoa,WSM,Renewable energy consumption (% of total final energy consumption),EG.FEC.RNEW.ZS,36.817699432373,35.8092994689941,36.6185989379883,..,..
San Marino,SMR,CO2 emissions (kt),EN.ATM.CO2E.KT,..,..,..,..,..
San Marino,SMR,GDP per capita (current US$),NY.GDP.PCAP.CD,43828.2324609315,45399.0290605549,48996.592248824,47731.2085399347,..
San Marino,SMR,Fossil fuel energy consumption (% of total),EG.USE.COMM.FO.ZS,..,..,..,..,..
San Marino,SMR,Renewable energy consumption (% of total final energy consumption),EG.FEC.RNEW.ZS,..,..,..,..,..
Sao Tome and Principe,STP,CO2 emissions (kt),EN.ATM.CO2E.KT,120,130,140,..,..
Sao Tome and Principe,STP,GDP per capita (current US$),NY.GDP.PCAP.CD,1700.09799666364,1813.80743359704,1953.5132573676,1987.57970166818,2157.84044569668
Sao Tome and Principe,STP,Fossil fuel energy consumption (% of total),EG.USE.COMM.FO.ZS,..,..,..,..,..
Sao Tome and Principe,STP,Renewable energy consumption (% of total final energy consumption),EG.FEC.RNEW.ZS,39.2016983032227,38.4207992553711,37.8450012207031,..,..
Saudi Arabia,SAU,CO2 emissions (kt),EN.ATM.CO2E.KT,556740,540700,514600,..,..
Saudi Arabia,SAU,GDP per capita (current US$),NY.GDP.PCAP.CD,19878.7638365016,20802.4663134648,23337.0175494347,23139.7979808237,20110.3161924912
Saudi Arabia,SAU,Fossil fuel energy consumption (% of total),EG.USE.COMM.FO.ZS,..,..,..,..,..
Saudi Arabia,SAU,Renewable energy consumption (% of total final energy consumption),EG.FEC.RNEW.ZS,0.0137999998405576,0.0153999999165535,0.0156999994069338,..,..
Senegal,SEN,CO2 emissions (kt),EN.ATM.CO2E.KT,9920,9570,9860,..,..
Senegal,SEN,GDP per capita (current US$),NY.GDP.PCAP.CD,1269.90329385985,1361.70197218375,1458.06909258145,1430.14825900162,1471.83096170711
Senegal,SEN,Fossil fuel energy consumption (% of total),EG.USE.COMM.FO.ZS,..,..,..,..,..
Senegal,SEN,Renewable energy consumption (% of total final energy consumption),EG.FEC.RNEW.ZS,37.5850982666016,39.2331008911133,36.6226997375488,..,..
Serbia,SRB,CO2 emissions (kt),EN.ATM.CO2E.KT,46240,46900,45540,..,..
Serbia,SRB,GDP per capita (current US$),NY.GDP.PCAP.CD,5765.20076202711,6292.54362926707,7252.40185773992,7417.20364852201,7720.51057195234
Serbia,SRB,Fossil fuel energy consumption (% of total),EG.USE.COMM.FO.ZS,..,..,..,..,..
Serbia,SRB,Renewable energy consumption (% of total final energy consumption),EG.FEC.RNEW.ZS,21.0032997131348,20.0942001342773,21.1446990966797,..,..
Seychelles,SYC,CO2 emissions (kt),EN.ATM.CO2E.KT,540,590,620,..,..
Seychelles,SYC,GDP per capita (current US$),NY.GDP.PCAP.CD,15068.6203494184,15945.2649266263,15994.8198615534,16213.4807569248,10764.4204224611
Seychelles,SYC,Fossil fuel energy consumption (% of total),EG.USE.COMM.FO.ZS,..,..,..,..,..
Seychelles,SYC,Renewable energy consumption (% of total final energy consumption),EG.FEC.RNEW.ZS,1.19190001487732,1.22420001029968,1.22319996356964,..,..
Sierra Leone,SLE,CO2 emissions (kt),EN.ATM.CO2E.KT,960,970,1020,..,..
Sierra Leone,SLE,GDP per capita (current US$),NY.GDP.PCAP.CD,501.415165523953,496.682294873131,533.991533265984,521.754836722241,509.376593987322
Sierra Leone,SLE,Fossil fuel energy consumption (% of total),EG.USE.COMM.FO.ZS,..,..,..,..,..
Sierra Leone,SLE,Renewable energy consumption (% of total final energy consumption),EG.FEC.RNEW.ZS,78.0867004394531,78.0777969360352,79.6240005493164,..,..
Singapore,SGP,CO2 emissions (kt),EN.ATM.CO2E.KT,46160,47430,47360,..,..
Singapore,SGP,GDP per capita (current US$),NY.GDP.PCAP.CD,56848.1753918367,61176.4563611565,66679.0464899752,65640.7079484985,59797.7521801188
Singapore,SGP,Fossil fuel energy consumption (% of total),EG.USE.COMM.FO.ZS,..,..,..,..,..
Singapore,SGP,Renewable energy consumption (% of total final energy consumption),EG.FEC.RNEW.ZS,0.68010002374649,0.690299987792969,0.727299988269806,..,..
Sint Maarten (Dutch part),SXM,CO2 emissions (kt),EN.ATM.CO2E.KT,..,..,..,..,..
Sint Maarten (Dutch part),SXM,GDP per capita (current US$),NY.GDP.PCAP.CD,31616.6816992667,29369.0568278169,29160.1038110689,..,..
Sint Maarten (Dutch part),SXM,Fossil fuel energy consumption (% of total),EG.USE.COMM.FO.ZS,..,..,..,..,..
Sint Maarten (Dutch part),SXM,Renewable energy consumption (% of total final energy consumption),EG.FEC.RNEW.ZS,0.0472000017762184,0.0487999990582466,0.0511000007390976,..,..
Slovak Republic,SVK,CO2 emissions (kt),EN.ATM.CO2E.KT,31500,33580,33000,..,..
Slovak Republic,SVK,GDP per capita (current US$),NY.GDP.PCAP.CD,16501.0838450986,17494.7287902036,19380.5135070548,19303.5456581383,19266.5135736247
Slovak Republic,SVK,Fossil fuel energy consumption (% of total),EG.USE.COMM.FO.ZS,..,..,..,..,..
Slovak Republic,SVK,Renewable energy consumption (% of total final energy consumption),EG.FEC.RNEW.ZS,13.0906000137329,12.4337997436523,12.4203996658325,..,..
Slovenia,SVN,CO2 emissions (kt),EN.ATM.CO2E.KT,13930,14140,14050,..,..
Slovenia,SVN,GDP per capita (current US$),NY.GDP.PCAP.CD,21663.643413767,23455.9447259222,26104.1027889949,25942.9547741436,25517.33066526
Slovenia,SVN,Fossil fuel energy consumption (% of total),EG.USE.COMM.FO.ZS,..,..,..,..,..
Slovenia,SVN,Renewable energy consumption (% of total final energy consumption),EG.FEC.RNEW.ZS,20.7875995635986,19.6681995391846,21.0060997009277,..,..
Solomon Islands,SLB,CO2 emissions (kt),EN.ATM.CO2E.KT,360,350,370,..,..
Solomon Islands,SLB,GDP per capita (current US$),NY.GDP.PCAP.CD,2225.48684209273,2332.84421585545,2411.86292635277,2344.04897615315,2250.6011638607
Solomon Islands,SLB,Fossil fuel energy consumption (% of total),EG.USE.COMM.FO.ZS,..,..,..,..,..
Solomon Islands,SLB,Renewable energy consumption (% of total final energy consumption),EG.FEC.RNEW.ZS,48.7024993896484,48.9770011901855,48.5018005371094,..,..
Somalia,SOM,CO2 emissions (kt),EN.ATM.CO2E.KT,660,660,690,..,..
Somalia,SOM,GDP per capita (current US$),NY.GDP.PCAP.CD,389.822061534188,384.463401435243,389.83139549804,419.39480767891,438.255165584899
Somalia,SOM,Fossil fuel energy consumption (% of total),EG.USE.COMM.FO.ZS,..,..,..,..,..
Somalia,SOM,Renewable energy consumption (% of total final energy consumption),EG.FEC.RNEW.ZS,94.761100769043,94.8707962036133,94.8752975463867,..,..
South Africa,ZAF,CO2 emissions (kt),EN.ATM.CO2E.KT,425180,435140,433250,..,..
South Africa,ZAF,GDP per capita (current US$),NY.GDP.PCAP.CD,5756.96574098804,6690.93984735096,7005.09541266022,6624.76186493309,5655.86765390396
South Africa,ZAF,Fossil fuel energy consumption (% of total),EG.USE.COMM.FO.ZS,..,..,..,..,..
South Africa,ZAF,Renewable energy consumption (% of total final energy consumption),EG.FEC.RNEW.ZS,10.7053003311157,10.2253999710083,10.3432998657227,..,..
South Sudan,SSD,CO2 emissions (kt),EN.ATM.CO2E.KT,1730,1520,1380,..,..
South Sudan,SSD,GDP per capita (current US$),NY.GDP.PCAP.CD,..,..,..,..,..
South Sudan,SSD,Fossil fuel energy consumption (% of total),EG.USE.COMM.FO.ZS,..,..,..,..,..
South Sudan,SSD,Renewable energy consumption (% of total final energy consumption),EG.FEC.RNEW.ZS,29.1070995330811,28.6280994415283,33.1797981262207,..,..
Spain,ESP,CO2 emissions (kt),EN.ATM.CO2E.KT,247030,263440,258340,..,..
Spain,ESP,GDP per capita (current US$),NY.GDP.PCAP.CD,26505.3432155204,28100.5862419453,30349.7520984361,29555.3156985079,27063.1939180299
Spain,ESP,Fossil fuel energy consumption (% of total),EG.USE.COMM.FO.ZS,..,..,..,..,..
Spain,ESP,Renewable energy consumption (% of total final energy consumption),EG.FEC.RNEW.ZS,17.1770000457764,15.682900428772,17.3889007568359,..,..
Sri Lanka,LKA,CO2 emissions (kt),EN.ATM.CO2E.KT,21930,23310,21630,..,..
Sri Lanka,LKA,GDP per capita (current US$),NY.GDP.PCAP.CD,3886.29150165239,4077.04384087488,4059.20822984947,3852.26560287415,3680.67347661745
Sri Lanka,LKA,Fossil fuel energy consumption (% of total),EG.USE.COMM.FO.ZS,..,..,..,..,..
Sri Lanka,LKA,Renewable energy consumption (% of total final energy consumption),EG.FEC.RNEW.ZS,50.9151000976563,49.3264007568359,51.404899597168,..,..
St. Kitts and Nevis,KNA,CO2 emissions (kt),EN.ATM.CO2E.KT,250,240,260,..,..
St. Kitts and Nevis,KNA,GDP per capita (current US$),NY.GDP.PCAP.CD,19541.1278329793,20384.7478810966,20567.4991135916,22046.6899120796,18437.7489235363
St. Kitts and Nevis,KNA,Fossil fuel energy consumption (% of total),EG.USE.COMM.FO.ZS,..,..,..,..,..
St. Kitts and Nevis,KNA,Renewable energy consumption (% of total final energy consumption),EG.FEC.RNEW.ZS,1.72920000553131,1.64359998703003,1.65279996395111,..,..
St. Lucia,LCA,CO2 emissions (kt),EN.ATM.CO2E.KT,350,370,390,..,..
St. Lucia,LCA,GDP per capita (current US$),NY.GDP.PCAP.CD,10362.3516588778,11034.6298496557,11353.7152084186,11591.0804756999,8804.5610483134
St. Lucia,LCA,Fossil fuel energy consumption (% of total),EG.USE.COMM.FO.ZS,..,..,..,..,..
St. Lucia,LCA,Renewable energy consumption (% of total final energy consumption),EG.FEC.RNEW.ZS,11.1675996780396,10.2181997299194,10.2192001342773,..,..
St. Martin (French part),MAF,CO2 emissions (kt),EN.ATM.CO2E.KT,..,..,..,..,..
St. Martin (French part),MAF,GDP per capita (current US$),NY.GDP.PCAP.CD,..,..,..,..,..
St. Martin (French part),MAF,Fossil fuel energy consumption (% of total),EG.USE.COMM.FO.ZS,..,..,..,..,..
St. Martin (French part),MAF,Renewable energy consumption (% of total final energy consumption),EG.FEC.RNEW.ZS,..,..,..,..,..
St. Vincent and the Grenadines,VCT,CO2 emissions (kt),EN.ATM.CO2E.KT,270,270,280,..,..
St. Vincent and the Grenadines,VCT,GDP per capita (current US$),NY.GDP.PCAP.CD,7074.5487647385,7213.02585706279,7361.4009618002,7460.15336179271,7278.01629673695
St. Vincent and the Grenadines,VCT,Fossil fuel energy consumption (% of total),EG.USE.COMM.FO.ZS,..,..,..,..,..
St. Vincent and the Grenadines,VCT,Renewable energy consumption (% of total final energy consumption),EG.FEC.RNEW.ZS,4.10200023651123,5.29309988021851,4.92500019073486,..,..
Sudan,SDN,CO2 emissions (kt),EN.ATM.CO2E.KT,20480,20340,20200,..,..
Sudan,SDN,GDP per capita (current US$),NY.GDP.PCAP.CD,1069.83995681729,1011.5212160524,740.746767001408,610.927861513165,486.418816281925
Sudan,SDN,Fossil fuel energy consumption (% of total),EG.USE.COMM.FO.ZS,..,..,..,..,..
Sudan,SDN,Renewable energy consumption (% of total final energy consumption),EG.FEC.RNEW.ZS,59.5026016235352,60.4467010498047,61.4143981933594,..,..
Suriname,SUR,CO2 emissions (kt),EN.ATM.CO2E.KT,2310,2130,2080,..,..
Suriname,SUR,GDP per capita (current US$),NY.GDP.PCAP.CD,5872.78942866166,6295.56056173578,6938.08698147294,6853.69341077988,4916.60566637918
Suriname,SUR,Fossil fuel energy consumption (% of total),EG.USE.COMM.FO.ZS,..,..,..,..,..
Suriname,SUR,Renewable energy consumption (% of total final energy consumption),EG.FEC.RNEW.ZS,15.9274997711182,18.4979000091553,19.2164993286133,..,..
Sweden,SWE,CO2 emissions (kt),EN.ATM.CO2E.KT,38790,38330,36000,..,..
Sweden,SWE,GDP per capita (current US$),NY.GDP.PCAP.CD,51965.1571531985,53791.5087298403,54589.0603860606,51939.4297445291,52274.4087868798
Sweden,SWE,Fossil fuel energy consumption (% of total),EG.USE.COMM.FO.ZS,..,..,..,..,..
Sweden,SWE,Renewable energy consumption (% of total final energy consumption),EG.FEC.RNEW.ZS,51.8549995422363,52.8577003479004,52.4827995300293,..,..
Switzerland,CHE,CO2 emissions (kt),EN.ATM.CO2E.KT,39610,38620,37480,..,..
Switzerland,CHE,GDP per capita (current US$),NY.GDP.PCAP.CD,83073.2800824812,83352.0886533412,86388.4049527184,85334.5194620909,87097.0364503764
Switzerland,CHE,Fossil fuel energy consumption (% of total),EG.USE.COMM.FO.ZS,..,..,..,..,..
Switzerland,CHE,Renewable energy consumption (% of total final energy consumption),EG.FEC.RNEW.ZS,24.1103992462158,25.0037994384766,24.2031002044678,..,..
Syrian Arab Republic,SYR,CO2 emissions (kt),EN.ATM.CO2E.KT,26460,29100,27910,..,..
Syrian Arab Republic,SYR,GDP per capita (current US$),NY.GDP.PCAP.CD,707.505266723622,942.518915865706,1268.23584864054,1334.37059333293,..
Syrian Arab Republic,SYR,Fossil fuel energy consumption (% of total),EG.USE.COMM.FO.ZS,..,..,..,..,..
Syrian Arab Republic,SYR,Renewable energy consumption (% of total final energy consumption),EG.FEC.RNEW.ZS,1.17349994182587,0.890500009059906,0.938399970531464,..,..
Tajikistan,TJK,CO2 emissions (kt),EN.ATM.CO2E.KT,5960,6370,7330,..,..
Tajikistan,TJK,GDP per capita (current US$),NY.GDP.PCAP.CD,807.10258610434,848.672379903239,853.218873401321,890.544402355733,859.137961121368
Tajikistan,TJK,Fossil fuel energy consumption (% of total),EG.USE.COMM.FO.ZS,..,..,..,..,..
Tajikistan,TJK,Renewable energy consumption (% of total final energy consumption),EG.FEC.RNEW.ZS,41.1633987426758,41.6931991577148,39.4740982055664,..,..
Tanzania,TZA,CO2 emissions (kt),EN.ATM.CO2E.KT,10920,11360,11580,..,..
Tanzania,TZA,GDP per capita (current US$),NY.GDP.PCAP.CD,966.503016569611,1004.90658838695,1042.8387560513,1085.88486002476,1076.46970642052
Tanzania,TZA,Fossil fuel energy consumption (% of total),EG.USE.COMM.FO.ZS,..,..,..,..,..
Tanzania,TZA,Renewable energy consumption (% of total final energy consumption),EG.FEC.RNEW.ZS,84.4700012207031,83.8276977539063,83.6557998657227,..,..
Thailand,THA,CO2 emissions (kt),EN.ATM.CO2E.KT,260720,260660,257860,..,..
Thailand,THA,GDP per capita (current US$),NY.GDP.PCAP.CD,5993.30551610045,6593.81835157138,7296.87960772339,7817.00967118918,7186.87409206525
Thailand,THA,Fossil fuel energy consumption (% of total),EG.USE.COMM.FO.ZS,..,..,..,..,..
Thailand,THA,Renewable energy consumption (% of total final energy consumption),EG.FEC.RNEW.ZS,22.4314994812012,22.2658004760742,23.7233009338379,..,..
Timor-Leste,TLS,CO2 emissions (kt),EN.ATM.CO2E.KT,690,600,640,..,..
Timor-Leste,TLS,GDP per capita (current US$),NY.GDP.PCAP.CD,1353.75493422806,1299.49463507231,1249.13835051953,1583.71357646622,1442.73073825015
Timor-Leste,TLS,Fossil fuel energy consumption (% of total),EG.USE.COMM.FO.ZS,..,..,..,..,..
Timor-Leste,TLS,Renewable energy consumption (% of total final energy consumption),EG.FEC.RNEW.ZS,19.661600112915,19.4750995635986,18.3847999572754,..,..
Togo,TGO,CO2 emissions (kt),EN.ATM.CO2E.KT,2300,2070,2260,..,..
Togo,TGO,GDP per capita (current US$),NY.GDP.PCAP.CD,803.1518934041,830.745276651438,901.523016898937,893.352454121675,914.950792453212
Togo,TGO,Fossil fuel energy consumption (% of total),EG.USE.COMM.FO.ZS,..,..,..,..,..
Togo,TGO,Renewable energy consumption (% of total final energy consumption),EG.FEC.RNEW.ZS,80.6572036743164,77.7375030517578,75.0849990844727,..,..
Tonga,TON,CO2 emissions (kt),EN.ATM.CO2E.KT,150,180,190,..,..
Tonga,TON,GDP per capita (current US$),NY.GDP.PCAP.CD,4157.87724876095,4513.4325306349,4740.70027224476,4903.01213835449,4624.82344882844
Tonga,TON,Fossil fuel energy consumption (% of total),EG.USE.COMM.FO.ZS,..,..,..,..,..
Tonga,TON,Renewable energy consumption (% of total final energy consumption),EG.FEC.RNEW.ZS,1.97599995136261,1.4838000535965,1.708899974823,..,..
Trinidad and Tobago,TTO,CO2 emissions (kt),EN.ATM.CO2E.KT,18230,18190,17760,..,..
Trinidad and Tobago,TTO,GDP per capita (current US$),NY.GDP.PCAP.CD,16250.6286879928,16173.7400502023,17037.8623561897,16637.1629387697,15425.6351094785
Trinidad and Tobago,TTO,Fossil fuel energy consumption (% of total),EG.USE.COMM.FO.ZS,..,..,..,..,..
Trinidad and Tobago,TTO,Renewable energy consumption (% of total final energy consumption),EG.FEC.RNEW.ZS,0.42179998755455,0.411799997091293,0.454600006341934,..,..
Tunisia,TUN,CO2 emissions (kt),EN.ATM.CO2E.KT,28990,29890,29980,..,..
Tunisia,TUN,GDP per capita (current US$),NY.GDP.PCAP.CD,3924.36334591653,3687.77746085503,3680.89259713943,3574.65402418454,3521.59194808639
Tunisia,TUN,Fossil fuel energy consumption (% of total),EG.USE.COMM.FO.ZS,..,..,..,..,..
Tunisia,TUN,Renewable energy consumption (% of total final energy consumption),EG.FEC.RNEW.ZS,12.3945999145508,11.8222999572754,11.8867998123169,..,..
Turkey,TUR,CO2 emissions (kt),EN.ATM.CO2E.KT,374590,415900,412970,..,..
Turkey,TUR,GDP per capita (current US$),NY.GDP.PCAP.CD,10894.6033779275,10589.667724687,9454.34844272271,9121.51516673708,8536.43331960632
Turkey,TUR,Fossil fuel energy consumption (% of total),EG.USE.COMM.FO.ZS,..,..,..,..,..
Turkey,TUR,Renewable energy consumption (% of total final energy consumption),EG.FEC.RNEW.ZS,13.2256002426147,11.4029998779297,11.8739995956421,..,..
Turkmenistan,TKM,CO2 emissions (kt),EN.ATM.CO2E.KT,72020,71960,71730,..,..
Turkmenistan,TKM,GDP per capita (current US$),NY.GDP.PCAP.CD,6387.68257527254,6587.09260439788,6967.37504258806,7612.03518009452,..
Turkmenistan,TKM,Fossil fuel energy consumption (% of total),EG.USE.COMM.FO.ZS,..,..,..,..,..
Turkmenistan,TKM,Renewable energy consumption (% of total final energy consumption),EG.FEC.RNEW.ZS,0.0555000007152557,0.0568000003695488,0.0566000007092953,..,..
Turks and Caicos Islands,TCA,CO2 emissions (kt),EN.ATM.CO2E.KT,..,..,..,..,..
Turks and Caicos Islands,TCA,GDP per capita (current US$),NY.GDP.PCAP.CD,28241.479293178,27545.1287854295,29553.1366979053,31350.8666282662,23879.9266491038
Turks and Caicos Islands,TCA,Fossil fuel energy consumption (% of total),EG.USE.COMM.FO.ZS,..,..,..,..,..
Turks and Caicos Islands,TCA,Renewable energy consumption (% of total final energy consumption),EG.FEC.RNEW.ZS,0.549600005149841,0.51230001449585,0.509599983692169,..,..
Tuvalu,TUV,CO2 emissions (kt),EN.ATM.CO2E.KT,10,10,10,..,..
Tuvalu,TUV,GDP per capita (current US$),NY.GDP.PCAP.CD,3253.89953558627,3574.06528751804,3701.70925450693,4055.89560959738,4143.10975263011
Tuvalu,TUV,Fossil fuel energy consumption (% of total),EG.USE.COMM.FO.ZS,..,..,..,..,..
Tuvalu,TUV,Renewable energy consumption (% of total final energy consumption),EG.FEC.RNEW.ZS,12.5418996810913,10.0141000747681,9.87769985198975,..,..
Uganda,UGA,CO2 emissions (kt),EN.ATM.CO2E.KT,5670,5840,6130,..,..
Uganda,UGA,GDP per capita (current US$),NY.GDP.PCAP.CD,736.559847412133,746.830752928351,770.600784343292,798.585734133959,822.027681531666
Uganda,UGA,Fossil fuel energy consumption (% of total),EG.USE.COMM.FO.ZS,..,..,..,..,..
Uganda,UGA,Renewable energy consumption (% of total final energy consumption),EG.FEC.RNEW.ZS,90.8254013061523,90.6594009399414,90.3339004516602,..,..
Ukraine,UKR,CO2 emissions (kt),EN.ATM.CO2E.KT,201250,174840,185370,..,..
Ukraine,UKR,GDP per capita (current US$),NY.GDP.PCAP.CD,2187.73050991433,2638.3260548504,3096.56169661923,3661.45620430228,3724.93843689756
Ukraine,UKR,Fossil fuel energy consumption (% of total),EG.USE.COMM.FO.ZS,..,..,..,..,..
Ukraine,UKR,Renewable energy consumption (% of total final energy consumption),EG.FEC.RNEW.ZS,5.47399997711182,6.46759986877441,6.90729999542236,..,..
United Arab Emirates,ARE,CO2 emissions (kt),EN.ATM.CO2E.KT,199460,208250,200300,..,..
United Arab Emirates,ARE,GDP per capita (current US$),NY.GDP.PCAP.CD,38141.8671313451,40644.7911901772,43839.3244866903,42701.4430454782,36284.5552429552
United Arab Emirates,ARE,Fossil fuel energy consumption (% of total),EG.USE.COMM.FO.ZS,..,..,..,..,..
United Arab Emirates,ARE,Renewable energy consumption (% of total final energy consumption),EG.FEC.RNEW.ZS,0.123000003397465,0.173199996352196,0.259200006723404,..,..
United Kingdom,GBR,CO2 emissions (kt),EN.ATM.CO2E.KT,378890,366380,358800,..,..
United Kingdom,GBR,GDP per capita (current US$),NY.GDP.PCAP.CD,41499.5557033073,40857.7555829627,43646.9519711493,43070.4983595888,41059.1688090547
United Kingdom,GBR,Fossil fuel energy consumption (% of total),EG.USE.COMM.FO.ZS,..,..,..,..,..
United Kingdom,GBR,Renewable energy consumption (% of total final energy consumption),EG.FEC.RNEW.ZS,8.680100440979,9.72060012817383,11.0450000762939,..,..
United States,USA,CO2 emissions (kt),EN.ATM.CO2E.KT,4888640,4813720,4981300,..,..
United States,USA,GDP per capita (current US$),NY.GDP.PCAP.CD,58021.4004997125,60109.6557260477,63064.4184096731,65279.5290260953,63593.4436209541
United States,USA,Fossil fuel energy consumption (% of total),EG.USE.COMM.FO.ZS,..,..,..,..,..
United States,USA,Renewable energy consumption (% of total final energy consumption),EG.FEC.RNEW.ZS,9.45629978179932,9.91909980773926,10.1071996688843,..,..
Uruguay,URY,CO2 emissions (kt),EN.ATM.CO2E.KT,6530,6080,6520,..,..
Uruguay,URY,GDP per capita (current US$),NY.GDP.PCAP.CD,16715.6334746253,18690.8938401411,18703.8602924478,17688.01500769,15438.4116657291
Uruguay,URY,Fossil fuel energy consumption (% of total),EG.USE.COMM.FO.ZS,..,..,..,..,..
Uruguay,URY,Renewable energy consumption (% of total final energy consumption),EG.FEC.RNEW.ZS,60.2657012939453,60.6831016540527,60.7290992736816,..,..
Uzbekistan,UZB,CO2 emissions (kt),EN.ATM.CO2E.KT,107350,111380,112090,..,..
Uzbekistan,UZB,GDP per capita (current US$),NY.GDP.PCAP.CD,2704.67718798168,1916.76464246779,1597.0683366109,1784.00981608195,1750.69711321291
Uzbekistan,UZB,Fossil fuel energy consumption (% of total),EG.USE.COMM.FO.ZS,..,..,..,..,..
Uzbekistan,UZB,Renewable energy consumption (% of total final energy consumption),EG.FEC.RNEW.ZS,1.62549996376038,1.77110004425049,1.48749995231628,..,..
Vanuatu,VUT,CO2 emissions (kt),EN.ATM.CO2E.KT,180,170,180,..,..
Vanuatu,VUT,GDP per capita (current US$),NY.GDP.PCAP.CD,2805.66532016404,3082.47508309466,3125.40499918952,3116.29775912529,2870.08930028914
Vanuatu,VUT,Fossil fuel energy consumption (% of total),EG.USE.COMM.FO.ZS,..,..,..,..,..
Vanuatu,VUT,Renewable energy consumption (% of total final energy consumption),EG.FEC.RNEW.ZS,32.7210006713867,36.5559997558594,30.7770004272461,..,..
"Venezuela, RB",VEN,CO2 emissions (kt),EN.ATM.CO2E.KT,162060,148740,138160,..,..
"Venezuela, RB",VEN,GDP per capita (current US$),NY.GDP.PCAP.CD,..,..,..,..,..
"Venezuela, RB",VEN,Fossil fuel energy consumption (% of total),EG.USE.COMM.FO.ZS,..,..,..,..,..
"Venezuela, RB",VEN,Renewable energy consumption (% of total final energy consumption),EG.FEC.RNEW.ZS,14.5053997039795,14.3104000091553,14.5647001266479,..,..
Vietnam,VNM,CO2 emissions (kt),EN.ATM.CO2E.KT,223870,222130,257860,..,..
Vietnam,VNM,GDP per capita (current US$),NY.GDP.PCAP.CD,2192.17448247545,2365.52161506114,2566.4474870063,2715.27598010995,2785.72416087603
Vietnam,VNM,Fossil fuel energy consumption (% of total),EG.USE.COMM.FO.ZS,..,..,..,..,..
Vietnam,VNM,Renewable energy consumption (% of total final energy consumption),EG.FEC.RNEW.ZS,30.9508991241455,31.975700378418,23.4918003082275,..,..
Virgin Islands (U.S.),VIR,CO2 emissions (kt),EN.ATM.CO2E.KT,..,..,..,..,..
Virgin Islands (U.S.),VIR,GDP per capita (current US$),NY.GDP.PCAP.CD,35324.9748874586,35365.0693039774,36448.2574929206,38136.6657604365,..
Virgin Islands (U.S.),VIR,Fossil fuel energy consumption (% of total),EG.USE.COMM.FO.ZS,..,..,..,..,..
Virgin Islands (U.S.),VIR,Renewable energy consumption (% of total final energy consumption),EG.FEC.RNEW.ZS,4.09340000152588,3.41499996185303,3.39179992675781,..,..
West Bank and Gaza,PSE,CO2 emissions (kt),EN.ATM.CO2E.KT,..,..,..,..,..
West Bank and Gaza,PSE,GDP per capita (current US$),NY.GDP.PCAP.CD,3527.61382413178,3620.36048715937,3562.33094270256,3656.85827137011,3239.73110812657
West Bank and Gaza,PSE,Fossil fuel energy consumption (% of total),EG.USE.COMM.FO.ZS,..,..,..,..,..
West Bank and Gaza,PSE,Renewable energy consumption (% of total final energy consumption),EG.FEC.RNEW.ZS,12.3156003952026,10.5052003860474,12.7295999526978,..,..
"Yemen, Rep.",YEM,CO2 emissions (kt),EN.ATM.CO2E.KT,10880,10060,9310,..,..
"Yemen, Rep.",YEM,GDP per capita (current US$),NY.GDP.PCAP.CD,1152.7209657707,964.264810541189,758.145241569423,..,..
"Yemen, Rep.",YEM,Fossil fuel energy consumption (% of total),EG.USE.COMM.FO.ZS,..,..,..,..,..
"Yemen, Rep.",YEM,Renewable energy consumption (% of total final energy consumption),EG.FEC.RNEW.ZS,2.9860999584198,3.40129995346069,4.26900005340576,..,..
Zambia,ZMB,CO2 emissions (kt),EN.ATM.CO2E.KT,5590,6990,7740,..,..
Zambia,ZMB,GDP per capita (current US$),NY.GDP.PCAP.CD,1280.80654257604,1535.19657398198,1516.36837125728,1305.00103080403,985.132436038869
Zambia,ZMB,Fossil fuel energy consumption (% of total),EG.USE.COMM.FO.ZS,..,..,..,..,..
Zambia,ZMB,Renewable energy consumption (% of total final energy consumption),EG.FEC.RNEW.ZS,85.5914993286133,84.6877975463867,85.1045989990234,..,..
Zimbabwe,ZWE,CO2 emissions (kt),EN.ATM.CO2E.KT,10990,10230,12270,..,..
Zimbabwe,ZWE,GDP per capita (current US$),NY.GDP.PCAP.CD,1464.58895715841,1235.18903192064,1254.64226494434,1316.74065692871,1214.50982023534
Zimbabwe,ZWE,Fossil fuel energy consumption (% of total),EG.USE.COMM.FO.ZS,..,..,..,..,..
Zimbabwe,ZWE,Renewable energy consumption (% of total final energy consumption),EG.FEC.RNEW.ZS,82.7926025390625,83.4929962158203,81.3636016845703,..,..
,,,,,,,,
,,,,,,,,
,,,,,,,,
Data from database: World Development Indicators,,,,,,,,
Last Updated: 02/15/2022,,,,,,,,
